suggestion	hits	nonecho_hits	best_rank	max_autocomplete_gain	geo	junk	seen_in_kz_or_ru	shortest_sources
создание сайтов бишкек цена	56	56	1	11	бишкек		True	создание сайта ш | создание сайта е | создание сайта э
разработка сайтов кыргызстан	27	27	1	9	кыргызстан		False	разработка сайтов у | разработка сайтов г | разработка сайтов з
разработка сайтов бишкек	24	23	1	7	бишкек		True	разработка сайтов | разработка сайтов у | разработка сайтов г
создание сайтов бишкек	22	21	1	7	бишкек		False	создание сайтов | создание сайтов ж | создание сайтов ц
создание сайтов в бишкеке	21	20	1	6	бишкек		False	создать сайт бишкек | создание сайтов в оше | создать сайт кыргызстан
сайт под ключ бишкек	20	19	1	4	бишкек		False	сайт под ключ кр | сайт под ключ для | сайт под ключ цена
веб студия бишкек	20	19	1	5	бишкек		False	веб студия т | веб студия з | веб студия ю
создание сайта бишкек	18	18	1	7	бишкек		False	создание сайта | создание сайта е | создание сайта я
сайт визитка бишкек	17	17	1	5	бишкек		False	сайт визитка ж | сайт визитка з | сайт визитка х
разработка мобильных приложений бишкек	18	17	1	12	бишкек		False	разработка приложений цена | разработка программ заказать | разработка приложений бишкек
разработка приложения бишкек	16	16	1	0	бишкек		False	создание приложений кыргызстан | разработка приложений заказать | разработка мобильных приложений б
разработка веб сайтов бишкек	15	15	1	7	бишкек		True	веб разработка бишкек | веб разработчик бишкек | веб разработка под ключ
заказать сайт бишкек	14	14	1	5	бишкек		False	заказать сайт у | заказать сайт б | заказать сайт ц
сайт под ключ	15	14	1	0			False	сайт под ключ | сайт под ключ кр | сайт под ключ для
разработка crm на заказ	14	14	1	9			False	разработка crm | разработка crm з | разработка crm а
разработка сайтов в бишкеке	15	14	1	8	бишкек		False	разработка сайтов в | разработка сайтов бишкек г | разработка сайтов бишкек я
сделать сайт бишкек	13	13	1	5	бишкек		False	сделать сайт б | сделать сайт ш | сделать сайт ю
crm разработка	13	13	1	0			False	разработка crm з | разработка crm а | разработка crm ж
crm система бишкек	14	13	1	8	бишкек		False	crm бишкек | crm система | crm кыргызстан
crm бишкек	13	12	1	0	бишкек		False	crm бишкек | crm кыргызстан | crm система ош
crm кыргызстан	13	12	1	4	кыргызстан		False	crm бишкек | crm кыргызстан | crm система ош
создать сайт бишкек	12	12	2	5	бишкек		False	сделать сайт ю | сделать сайт е | сделать сайт э
разработка сайта бишкек	11	11	1	7	бишкек		True	разработка сайта | редизайн сайта цена | заказная разработка
лендинг бишкек	12	11	1	0	бишкек		False	лендинг бишкек | лендинг под ключ | лендинг стоимость
сайт на тильде	12	11	1	0			False	сайт на тильде | сайт на tilda ош | сайт на тильде кр
web студии в бишкеке	11	11	1	7	бишкек		False	web студия кр | web студия для | веб студии цена
веб студии бишкек	11	11	1	3	бишкек		False	топ веб студий | web студия для | веб студии цена
веб студия	11	11	2	0			False	веб студия ж | веб студия т | веб студия ч
crm bishkek	11	11	2	1			False	crm бишкек | crm кыргызстан | crm система цена
сколько стоит создание сайты	10	10	1	8			False	создание сайтов цена | сколько стоит сайт п | сколько стоит сайт н
сайт визитка на английском	10	10	1	14			True	сайт визитка | сайт визитка х | сайт визитка з
айти компании в кыргызстане	10	10	1	11	кыргызстан		False	айти компания кр | айти компания для | айти компания цена
разработка crm-системы	10	10	2	6			False	разработка crm з | разработка crm а | разработка crm ж
сколько стоит создать сайт в бишкеке	10	10	2	16	бишкек		False	сколько стоит сайт п | сколько стоит сайт н | сколько стоит сайт т
айти компании кыргызстана	10	10	2	9	кыргызстан		False	айти компания кр | айти компания для | айти компания цена
сайт визитка	10	10	4	0			False	сайт визитка ж | сайт визитка з | сайт визитка х
телеграм бот бишкек	10	9	1	5	бишкек		False	чат бот бишкек | чат бот недорого | telegram бот бишкек
seo продвижение бишкек	9	9	1	12	бишкек		False	seo бишкек | сео бишкек | seo кыргызстан
визитка кг	9	9	2	0	кг/kg		False	сайт визитка ж | сайт визитка ю | сайт визитка е
сайт визитка примеры	9	9	4	6		шаблоны/скачать	False	сайт визитка х | сайт визитка з | сайт визитка э
заказать сайт на тильде цена	8	8	1	15			True	заказать сайт | заказать сайт ц | заказать сайт т
заказать сайт в бишкеке	8	8	1	6	бишкек		False	где заказать сайт | сделать сайт бишкек | веб студии заказать
веб разработчик бишкек	8	8	1	4	бишкек		False	веб разработка для | разработчик бишкек | веб разработка бишкек
веб разработка бишкек	8	8	1	3	бишкек		False	веб разработка для | веб разработчик бишкек | веб разработка под ключ
купить сайт бишкек	8	8	2	3	бишкек		False	заказать сайт у | заказать сайт цена | сайт под ключ бишкек
чат бот бишкек	8	8	2	4	бишкек		False	чат бот ош | чат бот заказать | чат бот недорого
seo оптимизация бишкек	8	8	2	12	бишкек		False	seo бишкек | сео бишкек | seo кыргызстан
crm kg	8	8	3	0	кг/kg		False	crm бишкек | crm кыргызстан | crm система ош
seo специалист бишкек	8	8	3	11	бишкек		False	seo бишкек | сео бишкек | seo кыргызстан
сайт визитка это	7	7	1	4		определения	True	сайт визитка | сайт визитка ж | сайт визитка э
веб студия красноярск	7	7	1	11			True	веб студия | веб-студия | web студия
веб разработчик вакансии бишкек	7	7	1	13	бишкек	вакансии/работа	False	веб разработка для | веб разработчик бишкек | веб разработка под ключ
автоматизация бизнеса бишкек	7	7	1	7	бишкек		True	автоматизация бизнеса | автоматизация бизнеса ош | автоматизация бизнеса цена
сайт на тильде цена	7	7	1	5			True	сайт на тильде | сайт на tilda ош | сайт на тильде кр
it компании в кыргызстане	7	7	1	10	кыргызстан		False	it компания для | it компания бишкек | it компании бишкека
айти компания бишкек	7	7	1	4	бишкек		False	айти компания кр | айти компания для | айти компания цена
разработчики сайта бишкек	7	7	1	2	бишкек		False	редизайн сайта под ключ | разработчик сайтов цена | разработчик сайтов заказать
разработка crm с нуля	7	7	2	7		обучение/курсы	True	разработка crm | разработка crm я | разработка crm н
разработка сайтов и их дизайн	7	7	3	10			False	разработка сайтов х | разработка сайтов ж | разработка сайтов ш
сколько стоит сайт	7	7	3	0			False	цена сайта недорого | сколько стоит сайт п | сколько стоит сайт н
разработка сайта кыргызстан	6	6	1	10	кыргызстан		False	редизайн сайта кр | разработка сайта ош | редизайн сайта под ключ
сделать сайт под ключ цена	6	6	1	12			False	сделать сайт к | сделать сайт п | сделать сайт ц
landing page это	6	6	1	4		определения	True	landing page | landing page бишкек | landing page недорого
создание интернет магазина с нуля	6	6	1	7		обучение/курсы	True	создание интернет магазина | создание интернет магазина я | создание интернет магазина ю
crm по работе с клиентами	6	6	1	8			False	разработка crm ош | crm система под ключ | crm для малого бизнеса
автоматизация бишкек	6	6	1	0	бишкек		False	автоматизация бизнеса ош | автоматизация бизнеса цена | автоматизация бизнеса бишкек
создание приложений бишкек	6	6	1	4	бишкек		False	создание приложений кр | создание приложений под ключ | разработка приложений бишкек
seo бишкек	7	6	1	0	бишкек		False	seo бишкек | сео бишкек | seo кыргызстан
сколько стоит сайт под ключ	6	6	1	9			True	сколько стоит сайт | цена сайта под ключ | сколько стоит сайт п
сайт на tilda	6	6	1	0			False	сайт на tilda ош | сайт на тильде кр | сайт на тильде для
автоматизация магазина бишкек	6	6	2	5	бишкек		False	автоматизация бизнеса ош | автоматизация бизнеса цена | автоматизация бизнеса бишкек
приложение бишкек	6	6	2	0	бишкек		False	заказать приложение для | заказать приложение цена | мобильное приложение бишкек
лендинг бул	6	6	3	0			False	лендинг бишкек | лендинг под ключ | лендинг стоимость
автоматизация торговли бишкек	6	6	3	5	бишкек		False	автоматизация бизнеса ош | автоматизация бизнеса цена | автоматизация бизнеса бишкек
чат бот деген эмне	6	6	3	11		определения	False	чат бот | чат бот ош | чат бот заказать
разработка сайтов бишкек цена	5	5	1	10	бишкек		True	разработка сайтов б | разработка сайтов цена | разработка сайтов бишкек
разработка веб сайта бишкек	5	5	1	9	бишкек		False	веб разработка для | разработка сайта ош | веб разработка недорого
заказать сайт визитку цена	5	5	1	13			True	заказать сайт | заказать сайт в | заказать сайт ц
заказать сайт для бизнеса цена	5	5	1	15			False	заказать сайт б | заказать сайт ц | заказать сайт цена
цена за сайт	5	5	1	0			False	цена сайта кр | цена сайта для | заказать сайт цена
заказать сайт под ключ украина	5	5	1	15			False	заказать сайт у | заказать сайт п | заказать сайт к
заказать корпоративный сайт под ключ	5	5	1	21			False	заказать сайт п | заказать сайт к | сайт под ключ заказать
landing page design web	5	5	1	4			False	landing page бишкек | landing page недорого | landing page под ключ
веб студия это	5	5	1	4		определения	True	веб-студия | web студия | веб студия
веб студия вакансии	5	5	1	9		вакансии/работа	True	веб-студия | web студия | веб студия
веб студия алматы	5	5	1	7	алматы		True	веб-студия | web студия | веб студия
веб студия казань	5	5	1	7			True	веб-студия | web студия | веб студия
веб студия минск	5	5	1	6	минск		True	веб-студия | web студия | веб студия
веб студия круглый квадрат	5	5	1	16			False	веб-студия | web студия | веб студия к
разработка crm системы цена	5	5	1	13			True	разработка crm | разработка crm с | разработка crm ц
разработка crm под ключ	5	5	1	9			True	разработка crm | разработка crm з | разработка crm п
мобильное приложение бишкек	6	5	1	0	бишкек		False	мобильное приложение бишкек | мобильное приложение заказать | мобильное приложение недорого
приложение для заказов	5	5	1	0			False	заказать приложение для | заказать приложение цена | заказать приложение заказать
стоимость сайта	6	5	1	0			False	стоимость сайта | цена сайта недорого | стоимость сайта под ключ
tilda kg	5	5	1	0	кг/kg		False	сайт на tilda бишкек | сайт на tilda недорого | сайт на tilda под ключ
заказ ком	5	5	2	0			False	заказать сайт у | заказать сайт а | заказать сайт з
сделать сайт на тильде цена	5	5	2	15			True	сделать сайт | сделать сайт н | сделать сайт т
сайт для сдачи налоговой отчетности	5	5	2	20			False	сайт для салона | сайт под ключ для | сайт под ключ под ключ
корпоративные подарки бишкек	5	5	2	6	бишкек		False	корпоративный сайт для | корпоративный сайт цена | корпоративный сайт под ключ
веб студия сокол работаем дальше	5	5	2	22		вакансии/работа	True	веб студия | веб студия д | веб студия р
фрилансер кг	5	5	2	0	кг/kg		False	фрилансер сайт | фрилансер сайт ош | фрилансер сайт кр
разработка приложений для мобильных устройств	5	5	2	24			True	разработка приложений | разработка приложений для | разработка мобильных приложений г
разработка приложений для мобильных устройств цена	5	5	2	25			False	разработка приложений для | разработка приложений цена | разработка мобильных приложений ц
мобильная разработка бишкек	5	5	2	0	бишкек		False	разработка мобильных приложений б | разработка мобильных приложений бишкек | разработка мобильных приложений под ключ
диджитал агентство бишкек	5	5	2	5	бишкек		False	digital агентство ош | digital агентство для | digital агентство бишкек
создать приложение бишкек	5	5	2	3	бишкек		False	создание приложений кр | заказать приложение для | создание приложений под ключ
сделать сайт онлайн бесплатно	5	5	2	15		DIY/бесплатно	False	сделать сайт о | сделать сайт ю | сделать сайт е
сайт визитка на тильде цена	5	5	3	13			False	сайт визитка ц | сайт визитка т | сайт визитка н
веб студия спб	5	5	3	4	спб		True	веб-студия | web студия | веб студия
лендинг оплата	5	5	4	0			False	лендинг бишкек | лендинг под ключ | лендинг стоимость
автоматизация розничной торговли бишкек	5	5	4	15	бишкек		False	автоматизация бизнеса ош | автоматизация бизнеса цена | автоматизация бизнеса бишкек
digital bishkek	5	5	4	0			False	digital агентство ош | digital агентство для | digital агентство бишкек
создание сайтов алматы цена	4	4	1	10	алматы		True	создание сайтов а | создание сайтов ц | создание сайтов цена
разработка сайтов казахстан	4	4	1	10	казахстан		True	разработка сайтов | разработка сайтов к | разработка сайтов кыргызстан
заказать сайт на тильде	4	4	1	10			True	заказать сайт | сайт заказать | заказать сайт н
заказать сайт сайтхаб	4	4	1	8			True	заказать сайт | заказать сайт с | заказать сайт ч
заказать сайт приглашение на свадьбу	4	4	1	23			True	заказать сайт | заказать сайт с | заказать сайт п
сделать сайт на вордпресс цена	4	4	1	16			False	сделать сайт ц | сделать сайт цена | сайт на wordpress
сайт визитка создать	4	4	1	8			True	сайт визитка | сайт визитка с | сайт визитка х
сайт визитка стоимость разработки	4	4	1	19			False	сайт визитка р | сайт стоимость | сайт визитка с
корпоративный сайт	4	4	1	0			False	корпоративный сайт цена | корпоративный сайт под ключ | корпоративный сайт недорого
веб студия сокол	4	4	1	6			True	web студия | веб студия | веб студия с
веб студия гуси лебеди	4	4	1	12			True	веб студия | веб студия л | веб студия г
фрилансер работа бишкек	4	4	1	9	бишкек	вакансии/работа	False	фрилансер сайт | фрилансер бишкек | фрилансер сайт ош
разработка crm в казахстане	4	4	1	13	казахстан		True	разработка crm | разработка crm в | разработка crm к
мобильное приложение империя пиццы бишкек	4	4	1	21	бишкек		False	мобильное приложение | мобильное приложение бишкек
разработка мобильных приложений цена москва	4	4	1	17	москва		False	разработка приложений цена | разработка мобильных приложений м | разработка мобильных приложений ц
разработка приложений бишкек	5	4	1	6	бишкек		False	разработка по недорого | разработка приложений цена | разработка программ заказать
разработка мобильных приложений на заказ	4	4	1	9			True	разработка мобильных приложений | разработка мобильных приложений н | разработка мобильных приложений з
разработка мобильных приложений под ключ	4	4	1	9			True	разработка мобильных приложений | разработка мобильных приложений п | разработка мобильных приложений к
разработка мобильных приложений обучение бесплатно	4	4	1	19		обучение/курсы,DIY/бесплатно	True	разработка мобильных приложений | разработка мобильных приложений б | разработка мобильных приложений о
разработка мобильных приложений с чего начать	4	4	1	14			True	разработка мобильных приложений | разработка мобильных приложений ч | разработка мобильных приложений с
разработка мобильных приложений под ключ тильда	4	4	1	14			False	разработка мобильных приложений т | разработка мобильных приложений п | разработка мобильных приложений к
кракен бот телеграм бишкек	4	4	1	7	бишкек		False	telegram бот бишкек | телеграм бот бишкек
сео продвижение бишкек	4	4	1	12	бишкек		False	сео бишкек | seo продвижение ош | seo продвижение бишкек
сколько стоит сайт интернет магазина	4	4	1	18			True	сколько стоит сайт | сколько стоит сайт и | сколько стоит интернет магазин
сколько стоит сайт сделать	4	4	1	8			True	сколько стоит сайт | сколько стоит сайт с | сколько стоит сайт ч
сайт на тильде под ключ цена	4	4	1	14			True	сайт на тильде | сайт на тильде цена | сайт на тильде под ключ
it компания бишкек	4	4	1	2	бишкек		False	it компания цена | айти компания бишкек | it компания заказать
битрикс24 кыргызстан	4	4	1	11	кыргызстан		False	битрикс24 | битрикс24 бишкек | битрикс24 под ключ
битрикс24 бишкек	4	4	1	7	бишкек		False	битрикс24 | битрикс24 под ключ | битрикс24 недорого
бишкек сайт знакомств	4	4	1	10	бишкек		False	сайт бишкек | бишкек сайт
digital агентство бишкек	4	4	1	4	бишкек		False	digital агентство ош | digital агентство для | digital агентство под ключ
юфу магистратура разработка мобильных приложений и компьютерных игр	4	4	1	34			False	разработка мобильных приложений ю | разработка мобильных приложений и | разработка мобильных приложений м
it компании бишкек вакансии	4	4	1	8	бишкек	вакансии/работа	False	it компании бишкека | айти компании бишкек
заказать сайт на wordpress цена	4	4	2	16			False	заказать сайт н | заказать сайт ц | заказать сайт цена
как сделать красивый сайт на тильде	4	4	2	21			False	сделать сайт к | сделать сайт кр | сайт на тильде кр
сделать сайт лендинг цена	4	4	2	13			False	лендинг цена | сделать сайт л | сделать сайт ц
заказать сайт под ключ киев	4	4	2	12			False	заказать сайт п | заказать сайт к | сайт под ключ заказать
создание интернет магазина с помощью ии	4	4	2	13		DIY/бесплатно	True	создание интернет магазина | создание интернет магазина с | создание интернет магазина и
веб сайт бишкек	4	4	2	0	бишкек		False	веб студии бишкек | веб студия бишкек | веб студии заказать
фрилансеры в кыргызстане	4	4	2	7	кыргызстан		False	фрилансер сайт кр | фрилансер сайт цена | фрилансер сайт под ключ
разработка мобильных приложений москва тильда	4	4	2	14	москва		True	разработка мобильных приложений | разработка мобильных приложений т | разработка мобильных приложений м
сколько стоит сайт на тильде под ключ	4	4	2	19			True	сколько стоит сайт | сколько стоит сайт н | сколько стоит сайт под ключ
сколько стоит заказать сайт у фрилансера	4	4	2	25			False	заказать сайт у | сколько стоит сайт у | сколько стоит сайт з
сайт для создания веб дизайна	4	4	2	15			False	сделать сайт ю | сайт для салона | сайт для компании для
кто делает сайты на заказ	4	4	2	9			True	кто делает сайты | кто делает сайты кр | кто делает сайты недорого
сайт бишкек петролеум	4	4	2	10	бишкек		False	сайт бишкек | бишкек сайт
бишкек сайт авто	4	4	2	5	бишкек		False	сайт бишкек | бишкек сайт
web studio spinstyle	4	4	2	7			False	web студия кр | web студия для | web студия недорого
как создать интернет магазин	4	4	2	0			False	создание интернет магазина к | создание интернет магазина я | создание интернет магазина а
разработка сайтов в ташкенте цены	4	4	3	16	ташкент/узб		False	разработка сайтов | разработка сайтов в | разработка сайтов т
сайт визитка создать бесплатно	4	4	3	18		DIY/бесплатно	True	сайт визитка | сайт визитка с | сайт визитка б
сайт визитка на wordpress цена	4	4	3	16			False	сайт визитка н | сайт визитка ц | сайт визитка цена
создание интернет магазина с нуля html	4	4	3	12		обучение/курсы,DIY/бесплатно	True	создание интернет магазина | создание интернет магазина н | создание интернет магазина с
сколько стоит сайт на заказ	4	4	3	9			True	сколько стоит сайт | сколько стоит сайт з | сколько стоит сайт н
как делать сайт на тильде	4	4	3	8			False	сайт на тильде кр | сайт на тильде ош | сайт на тильде для
разработка сайтов и мобильных приложений	4	4	3	21			False	разработка сайтов и | разработка сайтов м | разработка мобильных приложений и
заказать сайт с продвижением моссео	4	4	3	20			False	заказать сайт п | заказать сайт м | заказать сайт с
создание сайта интернет магазина автозапчастей	4	4	3	30			False	создание сайта и | создание сайта а | создание интернет магазина а
веб дизайн бишкек	4	4	3	5	бишкек		False	веб студия з | веб студия л | веб студия бишкек
сделать сайт на заказ цена	4	4	4	12			False	сделать сайт з | сделать сайт н | сделать сайт ц
лендинг деген эмне	4	4	4	4		определения	False	лендинг бишкек | лендинг под ключ | лендинг стоимость
программист колледж бишкек	4	4	4	15	бишкек	обучение/курсы	False	программист | программист бишкек
личный кабинет бишкек	4	4	4	0	бишкек		False	сайт с личным кабинетом | личный кабинет под ключ | личный кабинет недорого
сео бишкек	4	4	4	0	бишкек		False	seo бишкек | seo кыргызстан
создание сайта на wordpress цена	4	4	6	16			False	создание сайта ц | создание сайта н | создание сайта цена
сайт бишкек мэрия	4	4	6	6	бишкек		False	сайт бишкек | бишкек сайт
разработка веб систем и мобильных приложений пгути	4	4	8	17			False	разработка мобильных приложений и | разработка мобильных приложений с | разработка мобильных приложений в
создание сайтов с помощью ии	3	3	1	13		DIY/бесплатно	True	создание сайтов | создание сайтов с
создание сайтов на тильде	3	3	1	10			True	создание сайтов | создание сайтов н
создание сайтов обучение	3	3	1	9		обучение/курсы	True	создание сайтов | создание сайтов о
создание сайтов астана	3	3	1	7	астана		True	создание сайтов | создание сайтов а
создание сайтов вакансии	3	3	1	9		вакансии/работа	True	создание сайтов | создание сайтов в
создание сайтов работа	3	3	1	7		вакансии/работа	True	создание сайтов | создание сайтов р
создание сайтов минск	3	3	1	6	минск		True	создание сайтов | создание сайтов м
создание сайтов алматы недорого	3	3	1	14	алматы		True	создание сайтов а | создание сайтов алматы | создание сайтов недорого
создание сайтов для чайников	3	3	1	11			False	создание сайтов д | создание сайтов ч | создание сайтов для
создание сайта с нуля	3	3	1	7		обучение/курсы	True	создание сайта | создание сайта с
создание сайта цена	3	3	1	5			True	создание сайта | создание сайта ц
создание сайта на тильде	3	3	1	10			True	создание сайта | создание сайта н
создание сайта онлайн	3	3	1	7			True	создание сайта | создание сайта о
создание сайта приглашения на свадьбу	3	3	1	23			True	создание сайта | создание сайта п
создание сайта гугл	3	3	1	5			True	создание сайта | создание сайта г
создание сайта визитки	3	3	1	8			True	создание сайта | создание сайта в
создание сайта алматы	3	3	1	7	алматы		True	создание сайта | создание сайта а
создание сайта цена фриланс	3	3	1	11			False	создание сайта ц | создание сайта ф | создание сайта цена
создание сайта для юридической компании	3	3	1	23			False	создание сайта ю | создание сайта д | создание сайта для
разработка сайтов астана	3	3	1	7	астана		True	разработка сайтов | разработка сайтов а
разработка сайтов минск	3	3	1	6	минск		True	разработка сайтов | разработка сайтов м
разработка сайтов ташкент	3	3	1	8	ташкент/узб		True	разработка сайтов | разработка сайтов т
разработка сайтов обучение	3	3	1	9		обучение/курсы	True	разработка сайтов | разработка сайтов о
разработка сайтов украина	3	3	1	8			True	разработка сайтов | разработка сайтов у
разработка сайтов вакансии	3	3	1	9		вакансии/работа	True	разработка сайтов | разработка сайтов в
разработка сайтов на тильде	3	3	1	10			True	разработка сайтов | разработка сайтов н
разработка сайтов фриланс	3	3	1	8			True	разработка сайтов | разработка сайтов ф
разработка сайтов заказать минск	3	3	1	13	минск		False	разработка сайтов з | разработка сайтов м | разработка сайтов заказать
разработка сайтов для застройщиков	3	3	1	15			False	разработка сайтов д | разработка сайтов з | разработка сайтов для
заказать сайт украина	3	3	1	8			True	заказать сайт | заказать сайт у
заказать сайт в ташкенте	3	3	1	11	ташкент/узб		True	заказать сайт | заказать сайт в
заказать сайт минск	3	3	1	6	минск		True	заказать сайт | заказать сайт м
заказать сайт лендинг цена	3	3	1	11			False	заказать сайт л | заказать сайт ц | заказать сайт цена
сколько стоит заказать сайт	3	3	1	7			False	сколько стоит сайт з | заказать сайт стоимость | сколько стоит сайт заказать
сделать сайт бесплатно	3	3	1	10		DIY/бесплатно	True	сделать сайт | сделать сайт б
сделать сайт на тильде	3	3	1	10			True	сделать сайт | сделать сайт н
сделать сайт приглашение на свадьбу	3	3	1	23			True	сделать сайт | сделать сайт п
сделать сайт цена	3	3	1	5			True	сделать сайт | сделать сайт ц
сделать сайт с помощью ии	3	3	1	13		DIY/бесплатно	True	сделать сайт | сделать сайт с
сделать сайт онлайн	3	3	1	7			True	сделать сайт | сделать сайт о
сделать сайт визитку	3	3	1	8			True	сделать сайт | сделать сайт в
сделать сайт гугл	3	3	1	5			True	сделать сайт | сделать сайт г
сделать сайт цена минск	3	3	1	9	минск		False	сделать сайт м | сделать сайт ц | сделать сайт цена
сайт под ключ цена	3	3	1	5			True	сайт под ключ | сайт под ключ под ключ
сайт под ключ цена украина	3	3	1	13			True	сайт под ключ | сайт под ключ цена
сайт под ключ красноярск	3	3	1	11			True	сайт под ключ | сайт под ключ кр
сайт для бизнеса под ключ	3	3	1	9			True	сайт для бизнеса | сайт под ключ для
сайт визитка пример	3	3	1	7		шаблоны/скачать	True	сайт визитка | сайт визитка п
сайт визитка цена	3	3	1	5			True	сайт визитка | сайт визитка ц
сайт визитка бесплатно	3	3	1	10		DIY/бесплатно	True	сайт визитка | сайт визитка б
сайт визитка тильда	3	3	1	7			True	сайт визитка | сайт визитка т
сайт визитка шаблон	3	3	1	7		шаблоны/скачать	True	сайт визитка | сайт визитка ш
сайт визитка заказать	3	3	1	9			True	сайт визитка | сайт визитка з
сайт визитка массажиста	3	3	1	11			True	сайт визитка | сайт визитка м
сайт визитка цена украина	3	3	1	11			False	сайт визитка у | сайт визитка ц | сайт визитка цена
создание landing page цена	3	3	1	9			False	landing page цена | создание лендинга | создание лендинга цена
интернет магазин под ключ украина	3	3	1	8			False	интернет магазин под ключ | заказать интернет магазин под ключ
заказать интернет магазин под ключ цена	3	3	1	14			False	интернет магазин заказать | заказать интернет магазин цена | заказать интернет магазин под ключ
создание интернет магазина на тильде	3	3	1	10			True	создание интернет магазина | создание интернет магазина н
создание интернет магазина автозапчастей	3	3	1	14			True	создание интернет магазина | создание интернет магазина а
создание интернет магазина украина	3	3	1	8			True	создание интернет магазина | создание интернет магазина у
веб студия форест	3	3	1	7			True	веб студия | веб студия ф
веб студия екатеринбург	3	3	1	13			True	веб студия | веб студия е
веб студия казахстан	3	3	1	8	казахстан		False	веб студия к | веб студия кыргызстан | web студия кыргызстан
фрилансер бишкек	4	3	1	2	бишкек		False	фрилансер сайт | фрилансер бишкек | фрилансер сайт ош
фрилансер кж	3	3	1	0			False	фрилансер сайт ош | фрилансер сайт кр | фрилансер сайт под ключ
фрилансеры бишкек	3	3	1	0	бишкек		False	фрилансер сайт цена | фрилансер сайт под ключ | фрилансер сайт стоимость
разработка crm системы	3	3	1	8			True	разработка crm | разработка crm с
разработка crm и erp	3	3	1	6			True	разработка crm | разработка crm и
автоматизация бизнеса краснодар	3	3	1	10			True	автоматизация бизнеса | автоматизация бизнеса кр
веб приложение это	3	3	1	4		определения	True	веб приложение | веб приложение недорого
заказать мобильное приложение цена	3	3	1	10			False	заказать приложение цена | мобильное приложение цена | мобильное приложение заказать
разработка приложений для ios	3	3	1	8			True	разработка приложений | разработка приложений для
разработка приложений для мобильных устройств стоимость	3	3	1	24			False	разработка приложений стоимость | разработка мобильных приложений с | разработка мобильных приложений стоимость
разработка мобильных приложений москва	3	3	1	7	москва		True	разработка мобильных приложений | разработка мобильных приложений м
разработка мобильных приложений украина	3	3	1	8			True	разработка мобильных приложений | разработка мобильных приложений у
разработка мобильных приложений лекции	3	3	1	7			True	разработка мобильных приложений | разработка мобильных приложений л
разработка мобильных приложений вакансии	3	3	1	9		вакансии/работа	True	разработка мобильных приложений | разработка мобильных приложений в
телеграм бот для скачивания видео с ютуба	3	3	1	29			True	телеграм бот | телеграм бот для
чат бот на русском языке	3	3	1	14			False	чат бот ош | чат бот под ключ | чат бот недорого
продвижение сайта цена requestdesign	3	3	1	19			True	продвижение сайта | продвижение сайта цена
сколько стоит сайт на тильде	3	3	1	10			True	сколько стоит сайт | сколько стоит сайт н
сколько стоит сайт визитка	3	3	1	8			True	сколько стоит сайт | сколько стоит сайт в
сколько стоит сайт одностраничник	3	3	1	15			True	сколько стоит сайт | сколько стоит сайт о
сколько стоит сайт зачет	3	3	1	6			True	сколько стоит сайт | сколько стоит сайт з
сайт на тильда стоимость	3	3	1	11			True	сайт на tilda | сайт на tilda стоимость
кто делает сайты профессия	3	3	1	10		обучение/курсы	True	кто делает сайты | кто делает сайты кр
кто делает сайты красивыми	3	3	1	10			True	кто делает сайты | кто делает сайты кр
сайт кто делает	3	3	1	0			False	кто делает сайты кр | кто делает сайты недорого | кто делает сайты стоимость
как создать сайт для продажи	3	3	1	12			True	как создать сайт | как создать сайт для
it компания крок	3	3	1	5			False	it компания | it компания кр
it компания в кыргызстане	3	3	1	9	кыргызстан		False	it компания цена | it компания кыргызстан | айти компания кыргызстан
айти компания крок	3	3	1	5			True	айти компания | айти компания кр
амо срм бишкек	3	3	1	4	бишкек		False	crm бишкек | amocrm бишкек
интернет магазин kg	3	3	1	3	кг/kg		False	интернет магазин | заказать интернет магазин кр | интернет магазин под ключ бишкек
сайт кгма	3	3	1	5			False	сайт | сайт кг
сайт для озвучки	3	3	1	8			False	сайт для | сайт для л | сайт для о
веб студия ташкент	3	3	1	8	ташкент/узб		False	веб-студия | web студия | веб студия т
веб студия регул	3	3	1	6			False	веб-студия | web студия | веб студия р
веб студия полного цикла	3	3	1	14			False	web студия | веб студия ц | веб студия п
разработка телеграм бота цена	3	3	1	5			False	разработка телеграм бота | разработка telegram бота | разработка telegram бота цена
сделать сайт ии	3	3	1	3		DIY/бесплатно	False	сделать сайт | сделать сайт и | сделать сайт а
с чего начать создание интернет магазина	3	3	1	12			False	создание интернет магазина ч | создание интернет магазина н | создание интернет магазина с
разработка мобильных приложений с помощью ии	3	3	1	11		DIY/бесплатно	True	разработка мобильных приложений и | разработка мобильных приложений с | разработка мобильных приложений п
создание сайта ии	3	3	1	3		DIY/бесплатно	False	создание сайта | создание сайта и | создание сайта а
создание сайтов алматы	4	3	2	7	алматы		True	создание сайтов | создание сайтов а | создание сайтов алматы
создание сайтов на тильде requestdesign	3	3	2	24			True	создание сайтов | создание сайтов н
создание сайтов в ташкенте	3	3	2	11	ташкент/узб		True	создание сайтов | создание сайтов в
создание сайтов с нуля	3	3	2	7		обучение/курсы	True	создание сайтов | создание сайтов с
создание сайтов бесплатно	3	3	2	10		DIY/бесплатно	True	создание сайтов | создание сайтов б
создание сайта бесплатно	3	3	2	10		DIY/бесплатно	True	создание сайта | создание сайта б
создание сайта с помощью ии	3	3	2	13		DIY/бесплатно	True	создание сайта | создание сайта с
создание сайта на wordpress	3	3	2	13			True	создание сайта | создание сайта н
создание сайта цена украина	3	3	2	11			False	создание сайта ц | создание сайта у | создание сайта цена
разработка сайтов алматы	3	3	2	7	алматы		True	разработка сайтов | разработка сайтов а
разработка сайтов беларусь	3	3	2	9			True	разработка сайтов | разработка сайтов б
разработка сайтов оквэд	3	3	2	6			True	разработка сайтов | разработка сайтов о
разработка сайтов для доставки еды	3	3	2	15			False	разработка сайтов д | разработка сайтов е | разработка сайтов для
сделать сайт приглашение на свадьбу бесплатно	3	3	2	33		DIY/бесплатно	True	сделать сайт | сделать сайт п
сделать сайт самому	3	3	2	7		DIY/бесплатно	True	сделать сайт | сделать сайт с
сделать сайт на заказ	3	3	2	9			True	сделать сайт | сделать сайт н
сделать сайт из html	3	3	2	8		DIY/бесплатно	True	сделать сайт | сделать сайт и
создать сайт в бишкеке	3	3	2	8	бишкек		False	сделать сайт ш | сделать сайт у | сделать сайт бишкек
как сделать красивый сайт на wordpress	3	3	2	23			False	сделать сайт кр | как сделать сайт кр | сайт на wordpress кр
сделать сайт цена украина	3	3	2	11			False	сделать сайт у | сделать сайт ц | сделать сайт цена
сделать сайт для доставки еды	3	3	2	15			False	сделать сайт е | сделать сайт д | сделать сайт для
сайт под ключ цена россия	3	3	2	12			True	сайт под ключ | сайт под ключ цена
сайт визитка психолога	3	3	2	10			True	сайт визитка | сайт визитка п
сайт визитка цена минск	3	3	2	9	минск		False	сайт визитка ц | сайт визитка м | сайт визитка цена
интернет магазин под ключ рег ру	3	3	2	7			False	интернет магазин под ключ | заказать интернет магазин под ключ
создание интернет магазина на wordpress	3	3	2	13			True	создание интернет магазина | создание интернет магазина н
веб студия агапов	3	3	2	7			True	веб студия | веб студия а
crm система для малого бизнеса	3	3	2	15			False	crm система для | crm для бизнеса | crm для малого бизнеса
мобильное приложение газпром кыргызстан	3	3	2	19	кыргызстан		False	мобильное приложение | мобильное приложение кыргызстан
разработка мобильных приложений на python	3	3	2	10		DIY/бесплатно	True	разработка мобильных приложений | разработка мобильных приложений н
телеграм бот для скачивания видео с инсты	3	3	2	29			False	телеграм бот | телеграм бот для
продвижение сайта яндекс цена	3	3	2	12			True	продвижение сайта | продвижение сайта цена
сколько стоит сайт в месяц	3	3	2	8			True	сколько стоит сайт | сколько стоит сайт в
сколько стоит сайт приглашение на свадьбу	3	3	2	23			True	сколько стоит сайт | сколько стоит сайт п
вебкам студии в бишкеке	3	3	2	8	бишкек		False	веб студии цена | веб студии бишкек | веб студии под ключ
создать сайт для салона красоты	3	3	2	16			False	создать сайт кр | сайт для салона
создать сайт для ресторана	3	3	2	10			False	создать сайт для | сайт для ресторана
битрикс24 кг	3	3	2	0	кг/kg		False	битрикс24 под ключ | битрикс24 недорого | битрикс24 кыргызстан
поддержка сайма	3	3	2	0			False	поддержка сайта цена | поддержка сайта недорого | поддержка сайта стоимость
сайт заказать талон молодечно	3	3	2	16			False	сайт заказать | заказать сайт т | заказать сайт м
веб студия веста	3	3	2	6			False	веб-студия | web студия | веб студия в
как заработать в телеграм ботах	3	3	2	2		вакансии/работа	False	разработка telegram бота цена | разработка telegram бота недорого | разработка telegram бота стоимость
создание телеграм бота цена	3	3	2	5			False	создание телеграм бота | разработка telegram бота цена | разработка telegram бота стоимость
как создать бота в телеграмме для продажи	3	3	2	12			False	разработка telegram бота цена | разработка telegram бота заказать | разработка telegram бота недорого
заказать приложение цена	3	3	2	5			False	заказать приложение | заказать приложение для | заказать приложение стоимость
заказать сайт онлайн минск беларусь	3	3	2	20	минск		False	заказать сайт о | заказать сайт м | заказать сайт б
фрилансер в кыргызстане	3	3	2	9	кыргызстан		False	фрилансер сайт | фрилансер бишкек
создание лендинга на тильде цена	3	3	2	15			False	создание лендинга | создание лендинга цена
создание сайтов с wfolio	3	3	3	9			True	создание сайтов | создание сайтов с
создание сайтов астана цена	3	3	3	10	астана		False	создание сайтов а | создание сайтов ц | создание сайтов цена
создание сайта с помощью ии бесплатно	3	3	3	23		DIY/бесплатно	True	создание сайта | создание сайта с
сайт заказать кроссовки	3	3	3	10			False	сайт заказать | заказать сайт к | заказать сайт кр
заказать одностраничный сайт цена	3	3	3	18			False	заказать сайт о | заказать сайт ц | заказать сайт цена
сделать сайт визитку цена	3	3	3	11			False	сделать сайт в | сделать сайт ц | сделать сайт цена
сделать сайт магазина цена	3	3	3	12			False	сделать сайт м | сделать сайт ц | сделать сайт цена
как сделать сайт для записи клиентов	3	3	3	22			False	сделать сайт з | сделать сайт для | как сделать сайт для
создание интернет магазина на вордпресс	3	3	3	13			True	создание интернет магазина | создание интернет магазина н
веб студия кит	3	3	3	4			True	веб студия | веб студия к
веб дизайнер в кыргызстане	3	3	3	9	кыргызстан		False	веб дизайн бишкек | веб дизайнер бишкек | веб студия кыргызстан
веб студия краснодар	3	3	3	8			False	веб студия к | веб студия кр | web студия кр
программист зарплата в кыргызстане	3	3	3	18	кыргызстан	вакансии/работа	False	программист цена | программист стоимость | программист кыргызстан
разработка приложений для android с нуля	3	3	3	19		обучение/курсы	True	разработка приложений | разработка приложений для
разработка мобильных приложений москва тильда ws	3	3	3	17	москва		True	разработка мобильных приложений | разработка мобильных приложений м
телеграм бот для музыки	3	3	3	11			False	телеграм бот | телеграм бот для
телеграм бот для карго	3	3	3	1			False	телеграм бот заказать | телеграм бот недорого | телеграм бот для магазина
сколько стоит сайт визитка на тильде	3	3	3	18			True	сколько стоит сайт | сколько стоит сайт в
сайт салона красоты на тильде	3	3	3	14			False	сайт для салона | сайт на тильде кр
как создавать сайт на wordpress	3	3	3	11			False	сайт на wordpress кр | сайт на wordpress цена | как создать сайт под ключ
создать сайт для магазина	3	3	3	9			False	создать сайт для | сайт для магазина
битрикс бишкек	3	3	3	0	бишкек		False	битрикс24 бишкек | битрикс24 под ключ | битрикс24 недорого
digital marketing бишкек	3	3	3	3	бишкек		False	digital агентство для | digital агентство бишкек | digital агентство недорого
заказать сайт онлайн москва россия	3	3	3	19	москва		False	заказать сайт р | заказать сайт о | заказать сайт м
заказать сайт для ресторана	3	3	3	12			False	заказать сайт р | сайт для ресторана
сколько стоит сайма телеком	3	3	3	7			False	сколько стоит сайт т | сколько стоит сайт н | сколько стоит сайт у
сколько стоит сайт с личным кабинетом	3	3	3	17			False	сколько стоит сайт с | сколько стоит сайт ч | сайт с личным кабинетом
бишкек сайт объявлений	3	3	3	11	бишкек		False	сайт бишкек | бишкек сайт
создание лендинга под ключ цена	3	3	3	14			False	создание лендинга | создание лендинга цена
создание сайтов краснодар сайт краснодар.рф	3	3	4	26			False	создание сайтов р | создание сайтов к | создание сайтов кр
создание сайтов в минске цена	3	3	4	12	минск		False	создание сайтов ц | создание сайтов м | создание сайтов цена
сделать сайт приглашение на день рождения	3	3	4	29			True	сделать сайт | сделать сайт п
заказать сайт визитку под ключ	3	3	4	15			False	заказать сайт п | заказать сайт в | сайт под ключ заказать
сайт визитка сбер	3	3	4	5			True	сайт визитка | сайт визитка с
сайт визитка приглашение на свадьбу	3	3	4	23			True	сайт визитка | сайт визитка п
одностраничный сайт визитка цена	3	3	4	18			False	сайт визитка о | сайт визитка ц | сайт визитка цена
цена лендинг сайта	3	3	4	8			True	цена сайта | лендинг цена
создание интернет магазина на opencart	3	3	4	12			True	создание интернет магазина | создание интернет магазина н
веб студия крым	3	3	4	3			False	веб студия к | веб студия кр | web студия кр
1с программист бишкек	3	3	4	12	бишкек		False	1с бишкек | программист бишкек
разработка crm системы на заказ	3	3	4	17			True	разработка crm | разработка crm с
crm для курсов	3	3	4	0		обучение/курсы	False	crm для малого бизнеса | разработка crm недорого | разработка crm под ключ
мобильное приложение лалафо	3	3	4	0			False	мобильное приложение под ключ | мобильное приложение заказать | мобильное приложение недорого
разработка приложений на заказ	3	3	4	9			True	разработка приложений | разработка по на заказ
разработка приложений для андроид	3	3	4	12			True	разработка приложений | разработка приложений для
разработка мобильных приложений минск	3	3	4	6	минск		True	разработка мобильных приложений | разработка мобильных приложений м
телеграм бот для накрутки инстаграм бесплатно	3	3	4	33		DIY/бесплатно	True	телеграм бот | телеграм бот для
сколько стоит сайт на тильде в месяц	3	3	4	18			True	сколько стоит сайт | сколько стоит сайт н
создать сайт на тильда	3	3	4	5			False	сайт на тильде кр | сайт на тильде для | сайт на тильде заказать
сайт визитка на wordpress	3	3	4	11			True	сайт визитка н | сайт на wordpress
как создать сайт на вордпресс	3	3	4	13			True	как создать сайт | сайт на wordpress кр
веб студия киев	3	3	4	5			False	веб-студия | web студия | веб студия к
сайт для цветочного магазина	3	3	4	18			False	сайт для ц | сайт для магазина
бишкек сайт одежды	3	3	4	7	бишкек		False	сайт бишкек | бишкек сайт
сайт бишкек водоканал	3	3	4	10	бишкек		False	сайт бишкек | бишкек сайт
создание сайтов обучение для детей	3	3	5	17		обучение/курсы	False	создание сайтов д | создание сайтов о | создание сайтов для
создание сайта с нуля бесплатно	3	3	5	17		обучение/курсы,DIY/бесплатно	True	создание сайта | создание сайта с
заказать сайт краснодар сайт краснодар рф	3	3	5	26			False	заказать сайт р | заказать сайт к | заказать сайт кр
как сделать крутой сайт на тильде	3	3	5	18			False	сделать сайт кр | сайт на тильде кр | как сделать сайт кр
сайт визитка программиста	3	3	5	13			True	сайт визитка | сайт визитка п
интернет магазин электроники бишкек	3	3	5	19	бишкек		False	интернет магазин | интернет магазин бишкек
создание интернет магазина на django	3	3	5	10			True	создание интернет магазина | создание интернет магазина н
студия веб дизайна краснодар	3	3	5	16			False	веб студия д | веб студия кр | web студия кр
программист колледж ош	3	3	5	11	ош	обучение/курсы	False	программист | программист ош
телеграм бот для скачивания музыки	3	3	5	22			True	телеграм бот | телеграм бот для
создание сайта интернет магазина с нуля	3	3	5	23		обучение/курсы	False	создание сайта и | создание интернет магазина н | создание интернет магазина с
студия веб дизайна артемия лебедева	3	3	5	23			False	веб студия л | веб студия д | веб студия а
сайт бишкек теплосеть	3	3	5	10	бишкек		False	сайт бишкек | бишкек сайт
создание сайтов с нуля обучение для начинающих	3	3	6	29		обучение/курсы	False	создание сайтов с | создание сайтов д | создание сайтов для
создание сайта тюмень цена	3	3	6	10			False	создание сайта т | создание сайта ц | создание сайта цена
создание сайта для фотографа	3	3	6	12			False	создание сайта д | создание сайта ф | создание сайта для
создание сайта для школы	3	3	6	8			False	создание сайта ш | создание сайта д | создание сайта для
сколько стоит разработка crm	3	3	6	14			True	разработка crm | сколько стоит crm
телеграм бот для скачивания музыки с ютуба	3	3	6	30			True	телеграм бот | телеграм бот для
создание сайтов сколько можно заработать	3	3	6	23		вакансии/работа	False	создание сайтов с | создание сайтов з | создание сайтов м
сделать сайт для отеля	3	3	6	8			False	сайт для отеля | сделать сайт д
создание сайта тильда цена	3	3	7	10			False	создание сайта т | создание сайта ц | создание сайта цена
телеграм бот для скачивания видео с тт	3	3	7	26			False	телеграм бот | телеграм бот для
разработка веб систем и мобильных приложений	3	3	7	11			False	разработка мобильных приложений и | разработка мобильных приложений с | разработка мобильных приложений в
создание сайта таплинк цена	3	3	8	11			False	создание сайта т | создание сайта ц | создание сайта цена
сделать сайт для ресторана	3	3	8	12			False	сделать сайт р | сделать сайт д | сделать сайт для
телеграм бот для поиска музыки из видео	3	3	8	27			True	телеграм бот | телеграм бот для
создание сайта одесса цена	3	3	9	10			False	создание сайта ц | создание сайта о | создание сайта цена
телеграм бот для озвучки текста	3	3	9	19			False	телеграм бот | телеграм бот для
создание сайта от а до я	3	3	9	8			False	создание сайта о | создание сайта я | создание сайта а
сайт-визитка для инстаграм	3	3	10	12			False	сайт визитка д | сайт визитка и | сайт визитка для
телеграм бот для скачивания видео с гугла	3	3	11	29			False	телеграм бот | телеграм бот для
сайт визитка для компании	3	3	12	9			True	сайт визитка для | сайт для компании
создание сайтов казахстан	2	2	1	8	казахстан		False	создание сайтов к | создание сайтов кыргызстан
создание сайтов краснодар	2	2	1	8			True	создание сайтов к | создание сайтов кр
создание сайтов на тильде заказать	2	2	1	17			False	создание сайтов з | создание сайтов заказать
создание сайта казахстан	2	2	1	8	казахстан		False	создание сайта к | создание сайта кыргызстан
создание сайта краснодар	2	2	1	8			False	создание сайта к | создание сайта кр
создание сайта для майнкрафт сервера	2	2	1	20			False	создание сайта д | создание сайта для
разработка сайтов краснодар	2	2	1	8			True	разработка сайтов к | разработка сайтов кр
разработка сайтов недорого алматы	2	2	1	14	алматы		False	разработка сайтов н | разработка сайтов недорого
заказать сайт казахстан	2	2	1	8	казахстан		False	заказать сайт к | заказать сайт кыргызстан
заказать сайт краснодар	2	2	1	8			False	заказать сайт к | заказать сайт кр
сделать сайт на тильде стоимость	2	2	1	10			False	сделать сайт стоимость | сайт на тильде стоимость
сделать сайт для приглашения на свадьбу	2	2	1	25			False	сделать сайт д | сделать сайт для
как сделать сайт для продажи товаров	2	2	1	20			False	сделать сайт для | как сделать сайт для
сайт визитка в краснодаре	2	2	1	11			False	сайт визитка в | сайт визитка кр
сайт визитка для психолога	2	2	1	12			False	сайт визитка д | сайт визитка для
лендинг это	2	2	1	4		определения	True	лендинг
лендинг под ключ цена	2	2	1	9			False	лендинг цена | лендинг под ключ
корпоративный сайт мбанк	2	2	1	6			True	корпоративный сайт
интернет магазин бишкек	2	2	1	7	бишкек		False	интернет магазин
интернет магазин хром	2	2	1	5			True	интернет магазин
заказать интернет магазин в краснодаре	2	2	1	13			False	интернет магазин заказать | заказать интернет магазин кр
веб разработка это	2	2	1	4		определения	True	веб разработка
веб разработчик это	2	2	1	4		определения	True	веб разработчик
программист бишкек	3	2	1	7	бишкек		False	программист | программист бишкек
программист бишкек университеты	2	2	1	13	бишкек	обучение/курсы	False	программист бишкек
фрилансер сайт украина	2	2	1	8			True	фрилансер сайт
crm система это	2	2	1	4		определения	True	crm система
crm для крупного бизнеса	2	2	1	9			False	crm для бизнеса | crm для бизнеса кр
веб приложение	2	2	1	0			False	веб приложение кр | веб приложение недорого
мобильное приложение тулпар	2	2	1	7			False	мобильное приложение
разработка кроссплатформенных приложений	2	2	1	24			False	разработка по кр | разработка приложений кр
разработка мобильных приложений цена	2	2	1	10			False	разработка приложений цена | разработка мобильных приложений ц
разработка мобильных приложений стоимость	2	2	1	10			False	разработка приложений стоимость | разработка мобильных приложений с
разработка мобильных приложений казахстан	2	2	1	8	казахстан		False	разработка мобильных приложений к | разработка мобильных приложений кыргызстан
кроссплатформенная разработка мобильных приложений	2	2	1	17			False	разработка мобильных приложений к | разработка мобильных приложений кр
телеграм бот под ключ цена	2	2	1	9			False	телеграм бот цена | телеграм бот под ключ
чат бот в телеграм под ключ	2	2	1	11			False	чат бот под ключ | телеграм бот под ключ
чат бот телеграм заказать	2	2	1	9			False	чат бот заказать | телеграм бот заказать
чат бот это	2	2	1	4		определения	True	чат бот
дизайн сайта примеры	2	2	1	8		шаблоны/скачать	True	дизайн сайта
seo продвижение это	2	2	1	4		определения	True	seo продвижение
продвижение сайта в гугл	2	2	1	7			True	продвижение сайта
сколько стоит сделать сайт под ключ	2	2	1	15			False	сколько стоит сайт с | сколько стоит сайт под ключ
стоимость сайта на тильде	2	2	1	10			True	стоимость сайта
цена сайта под ключ	2	2	1	9			True	цена сайта
цена создания сайта под ключ	2	2	1	18			True	цена сайта | цена сайта под ключ
сайт на тильда пример	2	2	1	8		шаблоны/скачать	True	сайт на tilda
сайт на тильда заказать	2	2	1	10			True	сайт на tilda | сайт на tilda заказать
сайт на тильда под ключ	2	2	1	10			True	сайт на tilda | сайт на tilda под ключ
сайт на wordpress с нуля	2	2	1	7		обучение/курсы	True	сайт на wordpress
сайт для знакомства бишкек	2	2	1	6	бишкек		False	сайт для бизнеса для | сайт для компании для
сайт для бизнеса	3	2	1	6			False	сайт для б | сайт для бизнеса | сайт для бизнеса для
сайт для компании это	2	2	1	4		определения	True	сайт для компании
сайт для строительной компании	3	2	1	13			True	сайт для компании | сайт для строительной компании
сайт компании	2	2	1	0			False	сайт для компании для | сайт для компании недорого
как создать сайт бесплатно	2	2	1	10		DIY/бесплатно	True	как создать сайт
создать сайт под ключ цена	2	2	1	5			False	создать сайт под ключ | как создать сайт под ключ
как сделать сайт приглашение на свадьбу	2	2	1	23			True	как сделать сайт
it компания aston отзывы	2	2	1	13			True	it компания
it компании бишкек	2	2	1	0	бишкек		False	it компания недорого | айти компании бишкек
it компания для ипотеки	2	2	1	8			False	it компания для | айти компания для
айти компания это	2	2	1	4		определения	True	айти компания
редизайн сайта сколько стоит	2	2	1	9			False	редизайн сайта цена | редизайн сайта стоимость
поддержка сайта стоимость в месяц	2	2	1	18			False	поддержка сайта | поддержка сайта стоимость
сайт бишкек арена	2	2	1	6	бишкек		False	сайт бишкек
сайт заказать с китая	2	2	1	8			False	сайт заказать | заказать сайт с
сайт заказать цветы	2	2	1	6			False	сайт заказать | заказать сайт ц
сайт заказать запчасти	2	2	1	9			False	сайт заказать | заказать сайт з
сайт для знакомств	2	2	1	10			False	сайт для | сайт для з
сайт для совместного просмотра фильмов	2	2	1	30			False	сайт для | сайт для с
сайт для рисования	2	2	1	10			False	сайт для | сайт для р
сайт для приглашения на свадьбу	2	2	1	23			False	сайт для | сайт для п
сайт для абитуриентов	2	2	1	13			False	сайт для | сайт для а
сайт для изучения английского бесплатно	2	2	1	31		DIY/бесплатно	False	сайт для | сайт для и
сайт для фристайла	2	2	1	10			False	сайт для | сайт для ф
сайт для улучшения качества фото	2	2	1	24			False	сайт для | сайт для у
веб студия украина	2	2	1	8			False	web студия | веб студия у
рекламное агентство краснодар	2	2	1	12			False	digital агентство | digital агентство кр
разработка телеграм бота под ключ	2	2	1	9			False	разработка телеграм бота | разработка telegram бота под ключ
разработка телеграм бота заказать	2	2	1	9			False	разработка телеграм бота | разработка telegram бота заказать
разработка телеграм ботов	2	2	1	0			False	разработка telegram бота заказать | разработка telegram бота недорого
заказать приложение для андроид	2	2	1	12			False	заказать приложение | заказать приложение для
katalog kg	2	2	1	0	кг/kg		False	сайт каталог недорого | сайт каталог заказать
каталог бишкек	2	2	1	0	бишкек		False	сайт каталог недорого | сайт каталог заказать
личный кабинет ошгу	2	2	1	5			False	личный кабинет | личный кабинет ош
создание сайтов за деньги	2	2	1	8			False	создание сайтов д | создание сайтов з
разработка сайтов с помощью ии	2	2	1	11		DIY/бесплатно	False	разработка сайтов и | разработка сайтов с
где заказать сайт под ключ	2	2	1	11			False	заказать сайт г | где заказать сайт
заказать сайт для клиники	2	2	1	10			False	заказать сайт к | сайт для клиники
заказать сайт на шопифай	2	2	1	9			False	заказать сайт ш | заказать сайт н
заказать сайт яндекс услуги москва	2	2	1	19	москва		False	заказать сайт у | заказать сайт я
сайт визитка и лендинг отличия	2	2	1	16			False	сайт визитка и | сайт визитка л
веб-студия чем занимается	2	2	1	13			False	веб студия з | веб студия ч
разработка мобильных приложений в шымкенте	2	2	1	9	шымкент		False	разработка мобильных приложений в | разработка мобильных приложений ш
разработка мобильных приложений что нужно знать	2	2	1	14			False	разработка мобильных приложений з | разработка мобильных приложений ч
разработка мобильных приложений рабочая программа	2	2	1	16			False	разработка мобильных приложений р | разработка мобильных приложений п
создание сайта это работа или услуга	2	2	1	20		вакансии/работа,определения	False	создание сайта у | создание сайта э
сайт знакомств в бишкеке	2	2	1	10	бишкек		False	сайт в бишкеке
kg сайт	2	2	1	0	кг/kg		False	сайт .kg
домен kg купить	2	2	1	7	кг/kg		False	домен kg
лучшие веб студии россии	2	2	1	7			False	лучшие веб студии
топ веб студий россии	2	2	1	7			False	топ веб студий
рейтинг веб студий россии	2	2	1	7			False	рейтинг веб студий
crm казахстан	2	2	1	0	казахстан		False	crm кыргызстан
seo казахстан	2	2	1	0	казахстан		False	seo кыргызстан
создание лендинга это	2	2	1	4		определения	False	создание лендинга
сайт меню для ресторана	2	2	1	5			False	сайт для ресторана
сайт для салона красоты	2	2	1	8			False	сайт для салона
сайт для онлайн школы	2	2	1	7			False	сайт для школы
сайт для бронирования отеля	2	2	1	13			False	сайт для отеля
создать сайт для строительной компании	2	2	1	8			False	сайт для строительной компании
сайт автосалона лада	2	2	1	1			False	сайт для автосалона
сайт для магазина одежды	2	2	1	7			False	сайт для магазина
сайт туристической компании	2	2	1	0			False	сайт для туристической компании
crm для малого бизнеса бесплатно	2	2	1	17		DIY/бесплатно	False	crm для бизнеса | crm для малого бизнеса
фронтенд разработчик бишкек	2	2	1	9	бишкек		False	разработчик бишкек | frontend разработчик бишкек
seo аудит сайта онлайн	2	2	1	13			False	seo аудит | seo аудит сайта
реклама в бишкеке	2	2	1	0	бишкек		False	реклама в гугл бишкек | контекстная реклама бишкек
реклама в интернете бишкек	2	2	1	5	бишкек		False	реклама в гугл бишкек | контекстная реклама бишкек
алча на русском	2	2	1	11			False	алча | алча дев
alchabar	2	2	1	3			False	alcha | alcha dev
создание сайтов красноярск	2	2	2	9			False	создание сайтов к | создание сайтов кр
создание сайтов для новичков	2	2	2	11			False	создание сайтов д | создание сайтов для
создание сайта красноярск	2	2	2	9			False	создание сайта к | создание сайта кр
создание сайта для заработка на рекламе	2	2	2	23			False	создание сайта д | создание сайта для
разработка сайтов красноярск	2	2	2	9			False	разработка сайтов к | разработка сайтов кр
разработка сайтов алматы цена	2	2	2	10	алматы		False	разработка сайтов а | разработка сайтов цена
разработка сайта минск	2	2	2	6	минск		True	разработка сайта
заказать сайт красноярск	2	2	2	9			False	заказать сайт к | заказать сайт кр
сделать сайт визитку бесплатно	2	2	2	18		DIY/бесплатно	True	сделать сайт | сделать сайт в
сайт под ключ это	2	2	2	4		определения	True	сайт под ключ
сайт визитка для свадьбы	2	2	2	10			False	сайт визитка д | сайт визитка для
лендинг примеры	2	2	2	8		шаблоны/скачать	True	лендинг
landing page examples	2	2	2	9			True	landing page
корпоративный сайт уральские авиалинии	2	2	2	20			True	корпоративный сайт
корпоративный сайт стоимость	2	2	2	14			False	сайт стоимость | корпоративный сайт цена
интернет магазин бишкек инстаграм	2	2	2	13	бишкек		False	b2b интернет магазин | интернет магазин бишкек
интернет магазин сео продвижение цена	2	2	2	17			False	seo продвижение цена | интернет магазин цена
интернет магазины бишкек	2	2	2	0	бишкек		False	интернет магазин стоимость | интернет магазин под ключ бишкек
веб разработка колледж	2	2	2	8		обучение/курсы	True	веб разработка
веб разработчик вакансии	2	2	2	9		вакансии/работа	True	веб разработчик
программист зарплата	2	2	2	9		вакансии/работа	True	программист
программист бишкек университеты контракт	2	2	2	22	бишкек	обучение/курсы	False	программист бишкек
freelancer сайт	2	2	2	1			True	фрилансер сайт
разработка срм системы	2	2	2	5			False	разработка crm ош | разработка crm цена
crm o kg	2	2	2	0	кг/kg		False	crm система ош | crm для бизнеса ош
crm makers	2	2	2	0			False	crm для малого бизнеса | crm для бизнеса недорого
автоматизация бизнеса с помощью ии	2	2	2	13		DIY/бесплатно	True	автоматизация бизнеса
веб приложение белагропромбанк	2	2	2	16			True	веб приложение
мобильное приложение фаберлик	2	2	2	9			False	мобильное приложение
мобильное приложение о	2	2	2	0			False	мобильное приложение под ключ | мобильное приложение недорого
разработка кроссплатформенных приложений мирэа	2	2	2	30			False	разработка по кр | разработка приложений кр
телеграм бот для финансов	2	2	2	4			False	телеграм бот недорого | телеграм бот для бизнеса
чат бот онлайн	2	2	2	7			True	чат бот
дизайн сайта фигма	2	2	2	6			True	дизайн сайта
seo продвижение сайта это	2	2	2	10		определения	True	seo продвижение
продвижение сайта оплата за результат	2	2	2	20			True	продвижение сайта
сколько стоит одностраничный сайт под ключ	2	2	2	22			False	сколько стоит сайт о | сколько стоит сайт под ключ
стоимость сайта под ключ	2	2	2	9			True	стоимость сайта
цена сайта визитки	2	2	2	8			True	цена сайта
цена сайдинга в бишкеке	2	2	2	10	бишкек		False	цена сайта кр | цена сайта для
цена цена цена цена	2	2	2	6			False	цена сайта кр | цена сайта недорого
сайт на тильде пример	2	2	2	7		шаблоны/скачать	True	сайт на тильде
сайт ошту	2	2	2	2			False	сайт ош | сайт на тильде ош
tilda цены	2	2	2	0			False	сайт на tilda недорого | сайт на tilda заказать
сайт на wordpress пример	2	2	2	7		шаблоны/скачать	True	сайт на wordpress
сайт для бизнеса это	2	2	2	4		определения	True	сайт для бизнеса
где можно заказать в бишкеке	2	2	2	11	бишкек		False	где заказать сайт | где заказать сайт кр
как создать сайт в гугле	2	2	2	8			True	как создать сайт
как создать красивый сайт на тильде	2	2	2	20			False	создать сайт кр | как создать сайт кр
как сделать сайт самому	2	2	2	7		DIY/бесплатно	True	как сделать сайт
it компания это	2	2	2	4		определения	True	it компания
it компания казахстан	2	2	2	0	казахстан		False	it компания кыргызстан | айти компания кыргызстан
it компания краснодар	2	2	2	7			False	it компания кр | айти компания кр
айти компания москва	2	2	2	7	москва		True	айти компания
веб студии красноярск	2	2	2	11			False	веб студии | веб студии кр
разработка программного информационных систем	2	2	2	29			False	разработка по ош | разработка программного обеспечения бишкек
разработка программного обеспечения бишкек	2	2	2	26	бишкек		False	разработка по ош | разработка программ заказать
amocrm это	2	2	2	4		определения	False	amocrm | amocrm бишкек
amocrm для салона красоты	2	2	2	16			False	amocrm кр | amocrm для
bitrix24 бишкек	2	2	2	0	бишкек		False	битрикс24 бишкек | битрикс24 недорого
битрикс кыргызстан	2	2	2	0	кыргызстан		False	битрикс24 под ключ | битрикс24 кыргызстан
1с купить бишкек	2	2	2	5	бишкек		False	1с недорого | 1с заказать
1с для кыргызстана	2	2	2	12	кыргызстан		False	1с для | 1с заказать
редизайн сайта цена	2	2	2	5			False	редизайн сайта | редизайн сайта стоимость
сайт кыргызстан банк	2	2	2	5	кыргызстан		False	сайт кыргызстан
сайт крсу бишкек	2	2	2	9	бишкек		False	сайт кр | сайт бишкек
сайт для поступления в вуз	2	2	2	18			False	сайт для | сайт для п
сайт для сравнения телефонов	2	2	2	20			False	сайт для | сайт для с
сайт для знакомств бишкек	2	2	2	17	бишкек		False	сайт для | сайт для з
разработка телеграм бота фриланс	2	2	2	8			False	разработка телеграм бота | разработка telegram бота
заказать приложение для ios	2	2	2	8			False	заказать приложение | заказать приложение для
создание приложений для ios	2	2	2	8			False	создание приложений | создание приложений для
b2b бишкек	2	2	2	0	бишкек		False	b2b портал недорого | b2b интернет магазин
создание сайтов это какой вид деятельности	2	2	2	25		определения	False	создание сайтов д | создание сайтов э
заказать сайт лос анджелес	2	2	2	11			False	заказать сайт л | заказать сайт а
заказать сайт минск беларусь	2	2	2	13	минск		False	заказать сайт м | заказать сайт б
где заказать сайт на тильде	2	2	2	12			False	заказать сайт г | где заказать сайт
заказать сайт для доставки еды	2	2	2	15			False	заказать сайт е | сайт для доставки
заказать сайт на заказ	2	2	2	7			False	заказать сайт н | заказать сайт з
заказать сайт для онлайн школы	2	2	2	15			False	заказать сайт о | заказать сайт ш
заказать сайт с нуля	2	2	2	5		обучение/курсы	False	заказать сайт с | заказать сайт ч
сайт визитка бесплатно рф	2	2	2	11		DIY/бесплатно	True	сайт визитка р | сайт визитка б
сайт визитка шаблон бесплатно	2	2	2	15		DIY/бесплатно,шаблоны/скачать	False	сайт визитка ш | сайт визитка б
сайт визитка за 5 минут	2	2	2	9			False	сайт визитка з | сайт визитка м
сайт визитка фронтенд разработчика	2	2	2	20			False	сайт визитка р | сайт визитка ф
веб студия минск вакансии	2	2	2	13	минск	вакансии/работа	False	веб студия в | веб студия м
студия веб дизайна это	2	2	2	10		определения	False	веб студия д | веб студия э
веб версия творческая студия ютуб	2	2	2	21			False	веб студия т | веб студия ю
разработка мобильных приложений и компьютерных игр	2	2	2	17			False	разработка мобильных приложений и | разработка мобильных приложений к
разработка мобильных приложений лабораторные работы	2	2	2	18			False	разработка мобильных приложений л | разработка мобильных приложений р
сколько стоит сайт с нуля	2	2	2	5		обучение/курсы	False	сколько стоит сайт с | сколько стоит сайт ч
сайт для английского языка	2	2	2	16			False	сайт для а | сайт для я
сайт для изучения языков	2	2	2	14			False	сайт для и | сайт для я
стажировка в it компании бишкек	2	2	2	11	бишкек		False	айти компании бишкек
сайт россотрудничества в бишкеке	2	2	2	18	бишкек		False	сайт в бишкеке
сайт ts kg	2	2	2	2	кг/kg		False	сайт .kg
domain kg	2	2	2	1	кг/kg		False	домен kg
хост бишкек	2	2	2	0	бишкек		False	хостинг бишкек
host бишкек меню	2	2	2	2	бишкек		False	хостинг бишкек
лучшие веб студии мира	2	2	2	5			False	лучшие веб студии
топ веб студий украины	2	2	2	8			False	топ веб студий
рейтинг веб студий беларуси	2	2	2	9			False	рейтинг веб студий
создание лендинга на тильде	2	2	2	10			False	создание лендинга
создание логотипа бишкек	2	2	2	0	бишкек		False	создание лендинга бишкек
сайт школы 43	2	2	2	0			False	сайт для школы
создать сайт для отеля	2	2	2	8			False	сайт для отеля
сайт визитка для строительной компании	2	2	2	8			False	сайт для строительной компании
сайт автосалона киа	2	2	2	0			False	сайт для автосалона
сайт для магазина автозапчастей	2	2	2	14			False	сайт для магазина
сайт туризма кыргызстана	2	2	2	0	кыргызстан		False	сайт для туристической компании
эквайринг в кыргызстане	2	2	2	7	кыргызстан		False	эквайринг бишкек | эквайринг кыргызстан
seo аудит сайта онлайн бесплатно	2	2	2	23		DIY/бесплатно	False	seo аудит | seo аудит сайта
реклама в бишкеке цены	2	2	2	1	бишкек		False	реклама в гугл бишкек | контекстная реклама бишкек
алча торговый центр	2	2	2	11			False	алча дев | алча бишкек
создание сайтов крым	2	2	3	3			False	создание сайтов к | создание сайтов кр
создание сайтов краснодар цены	2	2	3	13			False	создание сайтов ц | создание сайтов кр
создание сайтов для детей	2	2	3	8			False	создание сайтов д | создание сайтов для
создание сайта цена казань	2	2	3	10			False	создание сайта ц | создание сайта цена
создание сайта для интернет магазина	2	2	3	20			False	создание сайта д | создание сайта для
разработка сайтов крым	2	2	3	3			False	разработка сайтов к | разработка сайтов кр
разработка сайта на тильде	2	2	3	10			True	разработка сайта
заказать сайт	2	2	3	0			False	сделать сайт заказать | заказать сайт заказать
сайт сделать кроссворд	2	2	3	8			False	сделать сайт к | сделать сайт кр
как сделать красивый сайт на html	2	2	3	18		DIY/бесплатно	False	сделать сайт кр | как сделать сайт кр
сделать сайт для продаж	2	2	3	9			False	сделать сайт д | сделать сайт для
сайт под ключ рег ру	2	2	3	7			True	сайт под ключ
vizitka kg	2	2	3	0	кг/kg		False	сайт визитка под ключ | сайт визитка кыргызстан
сайт визитка цена киев	2	2	3	8			False	сайт визитка ц | сайт визитка цена
сделать визитки бишкек	2	2	3	1	бишкек		False	сайт визитка недорого | сайт визитка заказать
сайт визитка для программиста	2	2	3	15			False	сайт визитка д | сайт визитка для
лендинг сайта	2	2	3	6			True	лендинг
landing page design	2	2	3	7			True	landing page
landing page	2	2	3	0			False	landing page бишкек | landing page кыргызстан
корпоративный сайт это	2	2	3	4		определения	True	корпоративный сайт
корпоративный сайт купить	2	2	3	2			False	корпоративный сайт цена | корпоративный сайт стоимость
интернет магазин greenleaf	2	2	3	10			True	интернет магазин
интернет магазины в кыргызстане	2	2	3	5	кыргызстан		False	интернет магазин стоимость | заказать интернет магазин кр
готовый интернет магазин под ключ	2	2	3	8			False	интернет магазин под ключ
веб разработка специальность	2	2	3	14			True	веб разработка
веб разработчик зарплата	2	2	3	9		вакансии/работа	True	веб разработчик
программист это	2	2	3	4		определения	True	программист
программист бишкек вакансии	2	2	3	9	бишкек	вакансии/работа	False	программист бишкек
сайт freelance отзывы	2	2	3	7			True	фрилансер сайт
crm система обучение	2	2	3	9		обучение/курсы	True	crm система
веб приложение альфа банк	2	2	3	11			True	веб приложение
мобильное приложение криптопро ключ	2	2	3	12			False	мобильное приложение кр | мобильное приложение под ключ
мобильное приложение о деньги	2	2	3	0			False	мобильное приложение заказать | мобильное приложение недорого
разработка приложений алматы	2	2	3	7	алматы		True	разработка приложений
мобильная разработка	2	2	3	0			False	разработка мобильных приложений ю | разработка мобильных приложений ош
телеграм бишкек	2	2	3	0	бишкек		False	телеграм бот бишкек
чат бот gpt	2	2	3	4			True	чат бот
дизайн сайта цена	2	2	3	5			True	дизайн сайта
дизайн сайта пример	2	2	3	0		шаблоны/скачать	True	дизайн сайта под ключ | дизайн сайта стоимость
seo продвижение seo-system	2	2	3	11			True	seo продвижение
продвижение сайта seo-system	2	2	3	11			True	продвижение сайта
продвижение сайта бишкек	2	2	3	4	бишкек		False	продвижение сайта кр | продвижение сайта для
сколько стоит заказать сайт на тильде	2	2	3	17			False	сколько стоит сайт з | сколько стоит сайт заказать
стоимость сайта визитки	2	2	3	8			True	стоимость сайта
цена сайта на тильде	2	2	3	10			True	цена сайта
сайт на тильде бесплатно	2	2	3	10		DIY/бесплатно	True	сайт на тильде
tilda сайт	2	2	3	0			False	сайт на tilda бишкек | сайт на tilda кыргызстан
сайт на wordpress цена	2	2	3	5			True	сайт на wordpress
сайт для бизнеса заказать	2	2	3	9			True	сайт для бизнеса
интернет для бизнеса бишкек	2	2	3	7	бишкек		False	сайт для бизнеса для | сайт для бизнеса цена
сайты для бизнеса	2	2	3	0			False	сайт для бизнеса цена | сайт для бизнеса под ключ
создать сайт для компании	2	2	3	8			True	сайт для компании
как создать сайт на телефоне	2	2	3	12		DIY/бесплатно	True	как создать сайт
как создать крутой сайт	2	2	3	8			False	создать сайт кр | как создать сайт кр
как сделать сайт с помощью ии	2	2	3	13		DIY/бесплатно	True	как сделать сайт
it компания aston	2	2	3	6			True	it компания
it компания красноярск	2	2	3	8			False	it компания кр | айти компания кр
айти компания астон	2	2	3	6			True	айти компания
1с разработчик бишкек	2	2	3	12	бишкек		False	1с бишкек | разработчик бишкек
редизайн сайта примеры	2	2	3	8		шаблоны/скачать	False	редизайн сайта | редизайн сайта кр
сайт заказать роллы	2	2	3	6			False	сайт заказать | заказать сайт р
сайт заказать лекарство	2	2	3	10			False	сайт заказать | заказать сайт л
сайт для скачивания видео с ютуба	2	2	3	25			False	сайт для | сайт для с
сайт для оценки внешности	2	2	3	17			False	сайт для | сайт для о
заказать приложение для доставки еды	2	2	3	17			False	заказать приложение | заказать приложение для
приложение для заказа товара из китая	2	2	3	13			False	заказать приложение цена | заказать приложение заказать
создание приложений для телефона	2	2	3	13			False	создание приложений | создание приложений для
создание приложений	2	2	3	0			False	создание приложений кр | создание приложений под ключ
каталог kg	2	2	3	0	кг/kg		False	сайт каталог недорого | сайт каталог заказать
каталог кж	2	2	3	0			False	сайт каталог недорого | сайт каталог заказать
создание сайтов яндекс директ	2	2	3	12			False	создание сайтов я | создание сайтов д
создание сайтов на заказ вакансии	2	2	3	16		вакансии/работа	False	создание сайтов н | создание сайтов з
сайт на битрикс заказать	2	2	3	9			False	заказать сайт н | заказать сайт б
заказать сайт москва россия	2	2	3	12	москва		False	заказать сайт р | заказать сайт м
сделать сайт интернет магазина	2	2	3	16			False	сделать сайт м | сделать сайт и
сайт визитка бесплатный хостинг	2	2	3	17		DIY/бесплатно	False	сайт визитка х | сайт визитка б
сайт визитка шаблон html бесплатно	2	2	3	20		DIY/бесплатно,шаблоны/скачать	False	сайт визитка ш | сайт визитка б
сайт визитка веб разработчика	2	2	3	15			False	сайт визитка р | сайт визитка в
сайт визитка как выглядит	2	2	3	11			False	сайт визитка к | сайт визитка в
сайт визитка или лендинг	2	2	3	10			False	сайт визитка и | сайт визитка л
сайт визитка фитнес тренера	2	2	3	13			False	сайт визитка ф | сайт визитка т
создание интернет магазина на битрикс24	2	2	3	11			False	создание интернет магазина б | создание интернет магазина н
веб студия москва вакансии	2	2	3	14	москва	вакансии/работа	False	веб студия в | веб студия м
веб студия сокол ургант	2	2	3	11			False	веб студия у | веб студия с
разработка мобильных приложений без кода	2	2	3	7			False	разработка мобильных приложений б | разработка мобильных приложений к
разработка мобильных приложений для фитнес индустрии	2	2	3	19			False	разработка мобильных приложений и | разработка мобильных приложений ф
разработка мобильных приложений учебное пособие	2	2	3	14			False	разработка мобильных приложений у | разработка мобильных приложений п
что такое разработка мобильных приложений	2	2	3	8		определения	False	разработка мобильных приложений т | разработка мобильных приложений ч
сколько стоит сайт в год	2	2	3	4			False	сколько стоит сайт г | сколько стоит сайт в
создание сайта бухгалтерский и налоговый учет	2	2	3	29			False	создание сайта у | создание сайта б
сайт кгма бишкек	2	2	3	9	бишкек		False	сайт кг | сайт бишкек
сайт знакомств в бишкеке без регистрации	2	2	3	26	бишкек		False	сайт в бишкеке
сайт imei kg	2	2	3	4	кг/kg		False	сайт .kg
домен kg бесплатно	2	2	3	10	кг/kg	DIY/бесплатно	False	домен kg
лучшие веб студии москвы	2	2	3	7	москва		False	лучшие веб студии
топ веб студий рф	2	2	3	3			False	топ веб студий
рейтинг веб студий спб	2	2	3	4	спб		False	рейтинг веб студий
crm technologies бишкек	2	2	3	13	бишкек		False	crm бишкек
telegram бишкек	2	2	3	0	бишкек		False	telegram бот бишкек
создание лендинга цена	2	2	3	5			False	создание лендинга
готовый сайт для салона красоты	2	2	3	16			False	сайт для салона
сайт школы 34	2	2	3	0			False	сайт для школы
сайт для поиска отеля	2	2	3	7			False	сайт для отеля
сайт строительной компании пример	2	2	3	3		шаблоны/скачать	False	сайт для строительной компании
сайт автомашин в бишкеке	2	2	3	5	бишкек		False	сайт для автосалона
туристические компании кыргызстан	2	2	3	2	кыргызстан		False	сайт для туристической компании
простая crm для малого бизнеса	2	2	3	15			False	crm для бизнеса | crm для малого бизнеса
seo аудит сайта это	2	2	3	10		определения	False	seo аудит | seo аудит сайта
алча ош	2	2	3	0	ош		False	алча дев | алча бишкек
создание сайтов для продажи	2	2	4	10			False	создание сайтов д | создание сайтов для
создание сайта цена казахстан	2	2	4	13	казахстан		False	создание сайта ц | создание сайта цена
создание сайта для продаж	2	2	4	9			False	создание сайта д | создание сайта для
разработка сайтов кривой рог	2	2	4	9			False	разработка сайтов р | разработка сайтов кр
разработка сайта алматы	2	2	4	7	алматы		True	разработка сайта
заказать красивый сайт	2	2	4	7			False	заказать сайт к | заказать сайт кр
как сделать красивый сайт на html и css	2	2	4	24		DIY/бесплатно	False	сделать сайт кр | как сделать сайт кр
сделать одностраничный сайт цена	2	2	4	18			False	сделать сайт ц | сделать сайт цена
сделать сайт для психолога	2	2	4	12			False	сделать сайт д | сделать сайт для
сайт визитка для художника	2	2	4	12			False	сайт визитка д | сайт визитка для
лендинг это простыми словами	2	2	4	21		определения	True	лендинг
landing page templates	2	2	4	10		шаблоны/скачать	True	landing page
корпоративный сайт беларусбанка	2	2	4	13			True	корпоративный сайт
интернет магазин бытовой техники бишкек	2	2	4	23	бишкек		False	интернет магазин
разработать интернет магазин под ключ	2	2	4	12		вакансии/работа	False	интернет магазин под ключ
веб разработка вакансии	2	2	4	9		вакансии/работа	True	веб разработка
веб разработчик что делает	2	2	4	11			True	веб разработчик
веб информатика	2	2	4	0			False	веб разработчик недорого | веб разработчик под ключ
веб разработчик	2	2	4	0			False	веб разработчик недорого | веб разработчик под ключ
программист бишкек зарплата	2	2	4	9	бишкек	вакансии/работа	False	программист бишкек
freelancer русский сайт	2	2	4	9			True	фрилансер сайт
crm система це	2	2	4	3			True	crm система
срм система бишкек	2	2	4	0	бишкек		False	crm система бишкек
автоматизация бизнеса челябинск	2	2	4	10			True	автоматизация бизнеса
веб приложение макс	2	2	4	5			True	веб приложение
мобильное приложение фаберлик скачать бесплатно	2	2	4	27		DIY/бесплатно,шаблоны/скачать	False	мобильное приложение
разработка приложений для android цена	2	2	4	13			False	разработка приложений для | разработка приложений цена
разработка мобильных приложений seo system	2	2	4	11			True	разработка мобильных приложений
телеграм чат бишкек	2	2	4	0	бишкек		False	телеграм бот бишкек
чат gpt кыргызстан	2	2	4	2	кыргызстан		False	чат бот под ключ | чат бот кыргызстан
дизайн сайта заказать	2	2	4	9			True	дизайн сайта
дизайн сайта	2	2	4	0			False	дизайн сайта под ключ | дизайн сайта стоимость
seo продвижение как сделать самому	2	2	4	19		DIY/бесплатно	True	seo продвижение
продвижение сайта	2	2	4	0			False	продвижение сайта кр | продвижение сайта для
сколько стоит заказать сайт под ключ	2	2	4	16			False	сколько стоит сайт з | сколько стоит сайт заказать
стоимость сайта онлайн	2	2	4	7			True	стоимость сайта
цена сайта интернет магазина	2	2	4	18			True	цена сайта
сайт на тильде плюсы и минусы	2	2	4	15			True	сайт на тильде
сайт на wordpress под ключ	2	2	4	9			True	сайт на wordpress
сайт для бизнеса бесплатно	2	2	4	10		DIY/бесплатно	True	сайт для бизнеса
сайт для проверки компании	2	2	4	9			True	сайт для компании
где заказать еду в бишкеке	2	2	4	9	бишкек		False	где заказать сайт | где заказать сайт кр
кто делает сайты на тильде	2	2	4	10			True	кто делает сайты
как создать сайт html	2	2	4	5		DIY/бесплатно	True	как создать сайт
как сделать сайт на тильде	2	2	4	10			True	как сделать сайт
it компания контур	2	2	4	7			True	it компания
it компания критерии	2	2	4	6			False	it компания кр | айти компания кр
айти компания минск	2	2	4	6	минск		True	айти компания
сайт казахстан темир жолы	2	2	4	10	казахстан		False	сайт кыргызстан
сайт для презентаций	2	2	4	12			False	сайт для | сайт для п
создание сайтов алматы cosmoweb	2	2	4	14	алматы		True	создание сайтов а | создание сайтов алматы
фриланс создание сайтов заработок	2	2	4	16			False	создание сайтов ф | создание сайтов з
разработка сайтов в тюмени под ключ	2	2	4	16			True	разработка сайтов в | разработка сайтов т
разработка сайтов что нужно знать	2	2	4	14			False	разработка сайтов ч | разработка сайтов з
заказать сайт онлайн россия	2	2	4	12			False	заказать сайт р | заказать сайт о
заказать сайт сша	2	2	4	2			False	заказать сайт с | заказать сайт ч
заказать сайт стоимость	2	2	4	8			False	заказать сайт с | заказать сайт ч
сделать сайт бесплатно за 5 минут	2	2	4	19		DIY/бесплатно	False	сделать сайт б | сделать сайт з
сайт визитка бухгалтерские услуги	2	2	4	19			False	сайт визитка у | сайт визитка б
сайт визитка что должно быть	2	2	4	14			False	сайт визитка ч | сайт визитка б
сайт визитка это лендинг	2	2	4	10		определения	False	сайт визитка э | сайт визитка л
создание интернет магазина на авито	2	2	4	7			False	создание интернет магазина а | создание интернет магазина н
создание интернет магазина на 1с битрикс	2	2	4	12			False	создание интернет магазина б | создание интернет магазина н
веб студия первый бит	2	2	4	9			False	веб студия б | веб студия п
студия веб дизайна вакансии	2	2	4	15		вакансии/работа	False	веб студия в | веб студия д
разработка мобильных приложений на c# для ios и android	2	2	4	22			False	разработка мобильных приложений н | разработка мобильных приложений и
разработка уникальных мобильных приложений для фитнеса	2	2	4	21			False	разработка мобильных приложений у | разработка мобильных приложений ф
сколько стоит сайт в казахстане	2	2	4	11	казахстан		False	сколько стоит сайт к | сколько стоит сайт в
сколько стоит сайт в гугле	2	2	4	6			False	сколько стоит сайт г | сколько стоит сайт в
сколько стоит сайт в украине	2	2	4	8			False	сколько стоит сайт у | сколько стоит сайт в
сколько стоит купить сайт интернет магазин	2	2	4	22			False	сколько стоит сайт и | сколько стоит сайт к
сколько стоит открыть сайт в интернете	2	2	4	18			False	сколько стоит сайт о | сколько стоит сайт и
сколько стоит создать сайт самому	2	2	4	13		DIY/бесплатно	False	сколько стоит сайт с | сколько стоит сайт ч
сайт авто в бишкеке	2	2	4	5	бишкек		False	сайт в бишкеке
.kg domain country	2	2	4	10	кг/kg		False	домен kg
купить хостинг бишкек	2	2	4	7	бишкек		False	хостинг бишкек
лучшие студии веб дизайна	2	2	4	8			False	лучшие веб студии
топ студий веб дизайна	2	2	4	8			False	топ веб студий
рейтинг веб студий украины	2	2	4	8			False	рейтинг веб студий
внедрение срм бишкек	2	2	4	10	бишкек		False	crm бишкек
telegram bishkek	2	2	4	0			False	telegram бот бишкек
создание лендинга с помощью ии	2	2	4	13		DIY/бесплатно	False	создание лендинга
сайт ресторана москва	2	2	4	3	москва		False	сайт для ресторана
сайт салона красоты москва	2	2	4	11	москва		False	сайт для салона
сайт школы номер 1	2	2	4	4			False	сайт для школы
сайт для выбора отеля	2	2	4	7			False	сайт для отеля
сайт строительной компании пик	2	2	4	0			False	сайт для строительной компании
сайт автозапчастей бишкек	2	2	4	6	бишкек		False	сайт для автосалона
туристические компании в кыргызстане	2	2	4	5	кыргызстан		False	сайт для туристической компании
эквайринг кр	2	2	4	0	кр		False	эквайринг бишкек | эквайринг кыргызстан
seo аудит сайта цена	2	2	4	11			False	seo аудит | seo аудит сайта
создание сайтов на тильде цена	2	2	5	13			False	создание сайтов ц | создание сайтов цена
создание одностраничного сайта цена	2	2	5	19			False	создание сайта ц | создание сайта цена
создание сайта для свадьбы	2	2	5	10			False	создание сайта д | создание сайта для
разработка сайта с нуля	2	2	5	7		обучение/курсы	True	разработка сайта
как сделать красивый сайт на таплинк	2	2	5	21			False	сделать сайт кр | как сделать сайт кр
сделать сайт для свадьбы	2	2	5	10			False	сделать сайт д | сделать сайт для
сайт под ключ минск	2	2	5	6	минск		True	сайт под ключ
сайт визитка купить цена	2	2	5	10			False	сайт визитка ц | сайт визитка цена
сайт визитка для фотографа	2	2	5	12			False	сайт визитка д | сайт визитка для
лендинг usdt	2	2	5	5			True	лендинг
landing page примеры	2	2	5	8		шаблоны/скачать	True	landing page
корпоративный сайт тпу	2	2	5	4			True	корпоративный сайт
интернет магазин китай	2	2	5	6			False	интернет магазин
интернет магазин стим бишкек	2	2	5	5	бишкек		False	интернет магазин бишкек | интернет магазин стоимость
интернет магазин автозапчастей под ключ	2	2	5	14			False	интернет магазин под ключ
создание интернет-магазина днепр	2	2	5	6			True	создание интернет магазина
веб разработка сколько зарабатывает	2	2	5	21			True	веб разработка
веб разработчик обучение	2	2	5	9		обучение/курсы	True	веб разработчик
фрилансер создание сайтов	2	2	5	11			True	фрилансер сайт | создание сайтов ф
crm система пример	2	2	5	7		шаблоны/скачать	True	crm система
автоматизация бизнеса это	2	2	5	4		определения	True	автоматизация бизнеса
веб приложение сбербанк	2	2	5	9			True	веб приложение
мобильное приложение тундук	2	2	5	7			False	мобильное приложение
мобильное приложение мой свет	2	2	5	2			False	мобильное приложение бишкек | мобильное приложение недорого
разработка приложений обучение	2	2	5	9		обучение/курсы	True	разработка приложений
разработка приложений для ios цена	2	2	5	9			False	разработка приложений для | разработка приложений цена
чат бот с персонажами	2	2	5	14			False	чат бот
дизайн сайта с помощью ии	2	2	5	13		DIY/бесплатно	True	дизайн сайта
seo продвижение минск	2	2	5	6	минск		True	seo продвижение
продвижение сайта на тильде	2	2	5	10			True	продвижение сайта
сколько стоит сайт для кафе	2	2	5	7			False	сколько стоит сайт к | сколько стоит сайт для
стоимость сайта оценить	2	2	5	8			True	стоимость сайта
цена сайта онлайн	2	2	5	7			True	цена сайта
сайт на тильде это	2	2	5	4		определения	True	сайт на тильде
сайт на wordpress долго открывается	2	2	5	18			True	сайт на wordpress
сайт на вордпресс своими руками	2	2	5	14		DIY/бесплатно	True	сайт на wordpress
сайт приват24 для бизнеса	2	2	5	9			True	сайт для бизнеса
сайт для транспортной компании	2	2	5	13			True	сайт для компании
тот кто делает сайты	2	2	5	4			True	кто делает сайты
как создать сайт с нуля	2	2	5	7		обучение/курсы	True	как создать сайт
как сделать сайт в гугле	2	2	5	8			True	как сделать сайт
it компания в москве	2	2	5	9	москва		True	it компания
it компания абс красноярск	2	2	5	12			False	it компания кр | айти компания кр
айти компания киев	2	2	5	5			True	айти компания
1с фреш кг	2	2	5	8	кг/kg		False	1с | 1с недорого
редизайн сайта онлайн	2	2	5	7			False	редизайн сайта | редизайн сайта кр
сайт казахстан	2	2	5	0	казахстан		False	сайт кыргызстан
сайт каталог	2	2	5	0			False	сайт каталог недорого | сайт каталог заказать
личный кабинет налогоплательщика кыргызстан	2	2	5	29	кыргызстан		False	личный кабинет | личный кабинет кыргызстан
создание сайтов алматы ima	2	2	5	9	алматы		True	создание сайтов а | создание сайтов алматы
создание сайтов москва россия	2	2	5	12	москва		False	создание сайтов р | создание сайтов м
разработка сайтов на английском	2	2	5	12			False	разработка сайтов н | разработка сайтов а
заказать сайт берлин германия	2	2	5	14			False	заказать сайт г | заказать сайт б
сделать сайт бесплатно гугл	2	2	5	13		DIY/бесплатно	True	сделать сайт б | сделать сайт г
сделать сайт на тильде самостоятельно	2	2	5	23		DIY/бесплатно	False	сделать сайт т | сделать сайт н
сделать сайт приглашение онлайн	2	2	5	17			True	сделать сайт п | сделать сайт о
сайт визитка бесплатно украина	2	2	5	16		DIY/бесплатно	False	сайт визитка у | сайт визитка б
сайт визитка шаблон wordpress бесплатно	2	2	5	25		DIY/бесплатно,шаблоны/скачать	False	сайт визитка ш | сайт визитка б
сайт визитка из чего состоит	2	2	5	14			False	сайт визитка ч | сайт визитка и
бесплатное создание сайта интернет магазина	2	2	5	15		DIY/бесплатно	False	создание интернет магазина б | создание интернет магазина с
студия веб дизайна минск	2	2	5	12	минск		False	веб студия д | веб студия м
разработка мобильных приложений в среде android studio	2	2	5	21			False	разработка мобильных приложений с | разработка мобильных приложений в
реферат на тему разработка мобильных приложений	2	2	5	14			False	разработка мобильных приложений т | разработка мобильных приложений р
сколько стоит заверить сайт у нотариуса	2	2	5	19			False	сколько стоит сайт у | сколько стоит сайт з
сколько стоит создать сайт интернет магазин	2	2	5	23			False	сколько стоит сайт и | сколько стоит сайт с
сколько стоит сделать сайт на тильде	2	2	5	16			False	сколько стоит сайт с | сколько стоит сайт н
сколько стоит открыть сайт с кейсами	2	2	5	16			False	сколько стоит сайт о | сколько стоит сайт ч
сколько стоит подключить сайма телеком	2	2	5	18			False	сколько стоит сайт т | сколько стоит сайт п
сайт для регистрации в школу	2	2	5	18			False	сайт для р | сайт для школы бишкек
сайт беко в бишкеке	2	2	5	5	бишкек		False	сайт в бишкеке
домен kg страна	2	2	5	7	кг/kg		False	домен kg
host bishkek photos	2	2	5	5			False	хостинг бишкек
лучшие веб дизайн студии россии	2	2	5	14			False	лучшие веб студии
рейтинг студий веб дизайна	2	2	5	8			False	рейтинг веб студий
telegram канал бишкек	2	2	5	2	бишкек		False	telegram бот бишкек
создание лендинга бесплатно	2	2	5	10		DIY/бесплатно	False	создание лендинга
создание сайта в бишкеке	2	2	5	0	бишкек		False	создание лендинга бишкек
сайт ресторана шаблон	2	2	5	3		шаблоны/скачать	False	сайт для ресторана
сайт салона	2	2	5	0			False	сайт для салона
сайт школы 124	2	2	5	0			False	сайт для школы
сайт для подбора отеля	2	2	5	8			False	сайт для отеля
сайт строительной компании самолёт	2	2	5	4			False	сайт для строительной компании
сайт по продаже авто в кыргызстане	2	2	5	15	кыргызстан		False	сайт для автосалона
сайт для интернет магазина сделать самому	2	2	5	24		DIY/бесплатно	False	сайт для магазина
туристический сайт кыргызстана	2	2	5	0	кыргызстан		False	сайт для туристической компании
интернет эквайринг в кыргызстане	2	2	5	16	кыргызстан		False	эквайринг бишкек | эквайринг кыргызстан
seo аудит сайта пример	2	2	5	13		шаблоны/скачать	False	seo аудит | seo аудит сайта
создание сайтов кривой рог	2	2	6	9			False	создание сайтов р | создание сайтов кр
создание сайтов на wordpress цена	2	2	6	16			False	создание сайтов ц | создание сайтов цена
создание сайта с помощью нейросети	2	2	6	20		DIY/бесплатно	True	создание сайта | создание сайта с
создание сайта для чайников	2	2	6	11			False	создание сайта д | создание сайта для
разработка сайта на тильде цена	2	2	6	15			True	разработка сайта
сделать сайт для фотографа	2	2	6	12			False	сделать сайт д | сделать сайт для
как сделать сайт для оплаты	2	2	6	11			False	сделать сайт для | как сделать сайт для
сайт под ключ на тильде	2	2	6	10			True	сайт под ключ
сайт визитка для адвоката	2	2	6	11			False	сайт визитка д | сайт визитка для
лендинг энд финанс	2	2	6	11			True	лендинг
landing page це	2	2	6	3			True	landing page
корпоративный сайт пример	2	2	6	7		шаблоны/скачать	True	корпоративный сайт
интернет магазин сибирское здоровье	2	2	6	19			False	интернет магазин
интернет магазин игрушек бишкек	2	2	6	15	бишкек		False	интернет магазин | интернет магазин бишкек
сайт интернет магазин под ключ	2	2	6	5			False	интернет магазин под ключ
веб разработка с нуля	2	2	6	7		обучение/курсы	True	веб разработка
веб разработчик курсы	2	2	6	6		обучение/курсы	True	веб разработчик
программист ош	2	2	6	3	ош		False	программист
программист зарплата в бишкеке	2	2	6	14	бишкек	вакансии/работа	False	программист цена | программист стоимость
программисты сколько зарабатывает	2	2	6	17			False	программист цена | программист стоимость
фрилансер официальный сайт	2	2	6	12			True	фрилансер сайт
crm система это простыми словами	2	2	6	21		определения	True	crm система
автоматизация бизнеса ооо	2	2	6	4			True	автоматизация бизнеса
веб приложение вк	2	2	6	3			True	веб приложение
мобильное приложение кыргызтест	2	2	6	11			False	мобильное приложение
разработка приложений ташкент	2	2	6	8	ташкент/узб		True	разработка приложений
разработка мобильных приложений ios android	2	2	6	12			True	разработка мобильных приложений
чат бот виза консьерж	2	2	6	14			False	чат бот
дизайн сайта шаблоны	2	2	6	8		шаблоны/скачать	True	дизайн сайта
seo продвижение это простыми словами	2	2	6	21		определения	True	seo продвижение
продвижение сайта моссео	2	2	6	7			True	продвижение сайта
стоимость сайта интернет магазина	2	2	6	18			True	стоимость сайта
цена сайта на wordpress	2	2	6	13			True	цена сайта
сайт на тильде на заказ	2	2	6	9			True	сайт на тильде
сайт на вордпресс плюсы и минусы	2	2	6	15			True	сайт на wordpress
сайт 2гис для бизнеса	2	2	6	5			True	сайт для бизнеса
сайт игр для компании	2	2	6	4			True	сайт для компании
кто делает веб сайты	2	2	6	4			True	кто делает сайты
как создать сайт самому	2	2	6	7		DIY/бесплатно	True	как создать сайт
как сделать сайт бесплатно	2	2	6	10		DIY/бесплатно	True	как сделать сайт
it компания нью ривер	2	2	6	10			True	it компания
крупнейшая it компания россии	2	2	6	15			False	it компания кр | айти компания кр
айти компания ядро	2	2	6	5			True	айти компания
разработка подписи на заказ	2	2	6	14			False	разработка по | разработка по на заказ
сайт кыргыз почтасы	2	2	6	4			False	сайт кыргызстан
сайт заказать таблетки	2	2	6	9			False	сайт заказать | заказать сайт т
разработка сайтов набережные челны	2	2	6	15			False	разработка сайтов ч | разработка сайтов н
как сделать свой сайт	2	2	6	7			False	сделать сайт е | сделать сайт э
сделать сайт под ключ	2	2	6	7			False	сделать сайт п | сделать сайт к
сайт визитка вордпресс шаблон	2	2	6	15		шаблоны/скачать	False	сайт визитка ш | сайт визитка в
сайт визитка игоря гофмана	2	2	6	12			False	сайт визитка г | сайт визитка и
одностраничный сайт визитка шаблон	2	2	6	20		шаблоны/скачать	False	сайт визитка ш | сайт визитка о
студия веб моделей новосибирск	2	2	6	18			False	веб студия н | веб студия м
веб студия сокол отзывы	2	2	6	11			False	веб студия с | веб студия о
веб студия точка роста	2	2	6	10			False	веб студия т | веб студия р
разработка мобильных приложений	2	2	6	0			False	разработка мобильных приложений з | разработка мобильных приложений о
сайт для бронирования жилья	2	2	6	17			False	сайт для ж | сайт для б
создание сайта готовые шаблоны	2	2	6	14		шаблоны/скачать	False	создание сайта ш | создание сайта г
сайт работы в бишкеке	2	2	6	7	бишкек		False	сайт в бишкеке
dome kg	2	2	6	0	кг/kg		False	домен kg
host bishkek reviews	2	2	6	6			False	хостинг бишкек
топ веб студий мира	2	2	6	5			False	топ веб студий
рейтинг веб студій україни	2	2	6	8			False	рейтинг веб студий
создание лендинга с помощью нейросети	2	2	6	20		DIY/бесплатно	False	создание лендинга
сайт ресторана максимилианс	2	2	6	9			False	сайт для ресторана
сайт салона красоты шаблон	2	2	6	11		шаблоны/скачать	False	сайт для салона
сайт школы 100	2	2	6	0			False	сайт для школы
сайт строительной компании москва	2	2	6	3	москва		False	сайт для строительной компании
сайт продажи авто в бишкеке	2	2	6	8	бишкек		False	сайт для автосалона
сайт для интернет магазина цена	2	2	6	14			False	сайт для магазина
сео аудит сайта моссео	2	2	6	13			False	seo аудит | seo аудит сайта
создание сайта для магазина	2	2	7	11			False	создание сайта д | создание сайта для
разработка сайта ташкент	2	2	7	8	ташкент/узб		True	разработка сайта
как сделать крутой сайт	2	2	7	8			False	сделать сайт кр | как сделать сайт кр
сделать веб сайт цена	2	2	7	7			False	сделать сайт ц | сделать сайт цена
сделать сайт для магазина	2	2	7	11			False	сделать сайт д | сделать сайт для
сайт под ключ украина	2	2	7	8			True	сайт под ключ
сайт визитка с продвижением цена	2	2	7	18			False	сайт визитка ц | сайт визитка цена
лендинг пейдж	2	2	7	6			True	лендинг
landing page перевод	2	2	7	8			True	landing page
корпоративный сайт новгу	2	2	7	6			True	корпоративный сайт
веб разработка код специальности	2	2	7	18			True	веб разработка
веб разработчик колледж	2	2	7	8		обучение/курсы	True	веб разработчик
программист 1с	2	2	7	3			True	программист
стажировка программист бишкек	2	2	7	11	бишкек		False	программист бишкек
crm система какие бывают	2	2	7	13			True	crm система
автоматизация бизнеса компания	2	2	7	9			True	автоматизация бизнеса
веб приложение т банк	2	2	7	7			True	веб приложение
мобильное приложение айыл банк	2	2	7	10			False	мобильное приложение
разработка приложений услуги	2	2	7	7			True	разработка приложений
разработка мобильных приложений 1с	2	2	7	3			True	разработка мобильных приложений
чат бот гаи	2	2	7	4			False	чат бот
дизайн сайта 2026	2	2	7	5			True	дизайн сайта
seo продвижение request design	2	2	7	15			True	seo продвижение
продвижение сайта москва моссео	2	2	7	14	москва		True	продвижение сайта
стоимость сайта одностраничника	2	2	7	16			True	стоимость сайта
цена одностраничного сайта	2	2	7	16			True	цена сайта
сайт на тильде под ключ	2	2	7	9			True	сайт на тильде
сайт на вордпресс заказать	2	2	7	9			True	сайт на wordpress
яндекс сайт для бизнеса	2	2	7	7			True	сайт для бизнеса
сайт для логистической компании	2	2	7	14			True	сайт для компании
как называется кто делает сайты	2	2	7	15			True	кто делает сайты
как создать сайт с помощью ии	2	2	7	13		DIY/бесплатно	True	как создать сайт
как сделать сайт с нуля	2	2	7	7		обучение/курсы	True	как сделать сайт
it компания andersen	2	2	7	9			True	it компания
крупная it компания	2	2	7	5			False	it компания кр | айти компания кр
айти компания контур	2	2	7	7			True	айти компания
сайт кыргыз темир жолу	2	2	7	7			False	сайт кыргызстан
сайт заказать одежду	2	2	7	7			False	сайт заказать | заказать сайт о
сайт заказать пиццу	2	2	7	6			False	сайт заказать | заказать сайт п
личный кабинет сайма	2	2	7	6			False	личный кабинет | личный кабинет стоимость
создание сайтов и мобильных приложений	2	2	7	21			False	создание сайтов и | создание сайтов м
разработка сайтов интернет магазин	2	2	7	15			False	разработка сайтов и | разработка сайтов м
разработка сайтов на тильде вакансии	2	2	7	17		вакансии/работа	False	разработка сайтов н | разработка сайтов т
разработка сайтов с чего начать	2	2	7	12			False	разработка сайтов ч | разработка сайтов с
сделать сайт по коду	2	2	7	6			False	сделать сайт п | сделать сайт к
сайт визитка дизайнера интерьера	2	2	7	18			False	сайт визитка д | сайт визитка и
сайт визитка интернет магазин	2	2	7	15			False	сайт визитка и | сайт визитка м
сайт визитка с помощью ии	2	2	7	11		DIY/бесплатно	False	сайт визитка с | сайт визитка и
сайт визитка тату мастера	2	2	7	11			False	сайт визитка т | сайт визитка м
сайт визитка своими руками	2	2	7	12		DIY/бесплатно	False	сайт визитка р | сайт визитка с
веб студия веста оренбург	2	2	7	13			False	веб студия в | веб студия о
разработка мобильных приложений на с ++	2	2	7	6			False	разработка мобильных приложений н | разработка мобильных приложений с
сайт алтына в бишкеке	2	2	7	7	бишкек		False	сайт в бишкеке
kg domain name	2	2	7	6	кг/kg		False	домен kg
хостинг сайта кыргызстан	2	2	7	10	кыргызстан		False	хостинг бишкек
рейтинг студент	2	2	7	0			False	рейтинг веб студий
сайт ресторана в японском саду краснодар	2	2	7	22			False	сайт для ресторана
сайт салона красоты пример	2	2	7	11		шаблоны/скачать	False	сайт для салона
сайт школы 97	2	2	7	0			False	сайт для школы
сайт для бронирования отеля в турции	2	2	7	22			False	сайт для отеля
сайт строительной компании шаблон	2	2	7	3		шаблоны/скачать	False	сайт для строительной компании
сайт для просмотра магазина валорант	2	2	7	19			False	сайт для магазина
создание сайтов новороссийск сайт краснодар рф	2	2	8	29			False	создание сайтов р | создание сайтов кр
создание сайта для стоматологии	2	2	8	15			False	создание сайта д | создание сайта для
разработка сайта астана	2	2	8	7	астана		True	разработка сайта
заказать сайт ditwork	2	2	8	8			True	заказать сайт
тильда сделать сайт цена	2	2	8	10			False	сделать сайт ц | сделать сайт цена
сколько стоит сделать сайт для компании	2	2	8	23			False	сделать сайт для | сколько стоит сайт для
сайт под ключ алматы	2	2	8	7	алматы		True	сайт под ключ
сайт визитка для врача	2	2	8	8			False	сайт визитка д | сайт визитка для
лендинг сайт это	2	2	8	9		определения	True	лендинг
landing page figma	2	2	8	6		шаблоны/скачать	True	landing page
корпоративный сайт ома	2	2	8	4			True	корпоративный сайт
интернет магазин озон	2	2	8	5			True	интернет магазин
создание интернет магазина в молдове	2	2	8	10			True	создание интернет магазина
веб студия mazok	2	2	8	6			True	веб студия
веб разработка кем работать	2	2	8	13		вакансии/работа	True	веб разработка
веб разработчик вакансии без опыта	2	2	8	19		вакансии/работа	True	веб разработчик
программист что делает	2	2	8	11			True	программист
программист деген эмне	2	2	8	11		определения	False	программист
программист контракт бишкек	2	2	8	9	бишкек		False	программист бишкек
программист зарплата за месяц	2	2	8	13		вакансии/работа	False	программист цена | программист стоимость
crm система обучение бесплатно	2	2	8	19		обучение/курсы,DIY/бесплатно	True	crm система
автоматизация бизнеса вакансии	2	2	8	9		вакансии/работа	True	автоматизация бизнеса
веб приложение ea fc 26	2	2	8	9			True	веб приложение
мобильное приложение элдик банк	2	2	8	11			False	мобильное приложение
разработка приложений на python	2	2	8	10		DIY/бесплатно	True	разработка приложений
чат бот макс	2	2	8	5			True	чат бот
дизайн сайта это	2	2	8	4		определения	True	дизайн сайта
seo продвижение с оплатой за лиды	2	2	8	18			True	seo продвижение
продвижение сайта это	2	2	8	4		определения	True	продвижение сайта
стоимость сайта лендинга	2	2	8	9			True	стоимость сайта
цена хостинга сайта	2	2	8	9			True	цена сайта
сайт на тильде как сделать	2	2	8	12			True	сайт на тильде
сайт на вордпресс купить	2	2	8	7			True	сайт на wordpress
сайт инвесторов для бизнеса	2	2	8	11			True	сайт для бизнеса
сайт для управляющей компании	2	2	8	12			True	сайт для компании
как называют людей кто делает сайты	2	2	8	19			True	кто делает сайты
как создать сайт на тильде	2	2	8	10			True	как создать сайт
как сделать сайт в claude	2	2	8	9			True	как сделать сайт
it компания вакансии	2	2	8	9		вакансии/работа	True	it компания
крупнейшая it компания мира	2	2	8	13			False	it компания кр | айти компания кр
айти компания астана	2	2	8	7	астана		True	айти компания
кыргызалтын сайт	2	2	8	1			False	сайт кыргызстан
сайт заказать талон к врачу	2	2	8	14			False	сайт заказать | заказать сайт т
сайт визитка недорого	2	2	8	8			False	сайт недорого | сайт визитка н
личный кабинет патент бишкек	2	2	8	7	бишкек		False	личный кабинет бишкек | личный кабинет под ключ
работа создание сайтов удаленно	2	2	8	14		вакансии/работа	False	создание сайтов р | создание сайтов у
разработка сайтов обучение бесплатно	2	2	8	17		обучение/курсы,DIY/бесплатно	False	разработка сайтов о | разработка сайтов б
разработка сайтов окэд рк	2	2	8	6			False	разработка сайтов о | разработка сайтов р
разработка сайтов с чего начать обучение	2	2	8	21		обучение/курсы	False	разработка сайтов ч | разработка сайтов с
заказать сайт в челнах	2	2	8	7			False	заказать сайт в | заказать сайт ч
веб студия веста отзывы	2	2	8	11			False	веб студия в | веб студия о
сайт недвижимости в бишкеке	2	2	8	13	бишкек		False	сайт в бишкеке
kg domain registration	2	2	8	14	кг/kg		False	домен kg
создание лендинга в фигме	2	2	8	8			False	создание лендинга
сайт ресторана бахрома	2	2	8	4			False	сайт для ресторана
сайт салона маникюра	2	2	8	5			False	сайт для салона
сайт школы 41 курган	2	2	8	6			False	сайт для школы
сайт для выбора отеля в турции	2	2	8	16			False	сайт для отеля
сайт строительной компании брусника	2	2	8	5			False	сайт для строительной компании
сайт магазина dns	2	2	8	0			False	сайт для магазина
создание сайта для гостиницы	2	2	9	12			False	создание сайта г | создание сайта для
разработка сайтов seo system	2	2	9	11			True	разработка сайтов
разработка сайта с помощью ии	2	2	9	13		DIY/бесплатно	True	разработка сайта
заказать с китая бишкек	2	2	9	8	бишкек		False	заказать сайт ц | заказать сайт кр
как сделать красивый сайт с помощью ии	2	2	9	23		DIY/бесплатно	False	сделать сайт кр | как сделать сайт кр
сколько стоит сделать сайт для ресторана	2	2	9	24			False	сделать сайт для | сколько стоит сайт для
сайт визитка для юриста	2	2	9	9			False	сайт визитка д | сайт визитка для
лендинг или лэндинг	2	2	9	12			True	лендинг
landing page builder	2	2	9	8			True	landing page
корпоративный сайт ржд	2	2	9	4			True	корпоративный сайт
интернет магазин косметики	2	2	9	10			False	интернет магазин
создание интернет магазина минск	2	2	9	6	минск		True	создание интернет магазина
веб разработка курсы	2	2	9	6		обучение/курсы	True	веб разработка
веб разработчик сколько учиться	2	2	9	16		обучение/курсы	True	веб разработчик
стажер программист бишкек	2	2	9	7	бишкек		False	программист бишкек
crm система расшифровка	2	2	9	12		определения	True	crm система
автоматизация бизнеса сочи	2	2	9	5			True	автоматизация бизнеса
веб приложение ржд	2	2	9	4			True	веб приложение
мобильное приложение юнистрим	2	2	9	9			False	мобильное приложение
чат бот гаи минск	2	2	9	10	минск		False	чат бот
дизайн сайта бесплатно	2	2	9	10		DIY/бесплатно	True	дизайн сайта
seo продвижение обучение	2	2	9	9		обучение/курсы	True	seo продвижение
стоимость сайта на битрикс	2	2	9	11			True	стоимость сайта
цена разработки сайта	2	2	9	11			True	цена сайта
сайт на тильде отзывы	2	2	9	7			True	сайт на тильде
купить сайт для бизнеса	2	2	9	7			True	сайт для бизнеса
сайт для поиска компании	2	2	9	7			True	сайт для компании
как создать сайт с помощью claude	2	2	9	17			True	как создать сайт
как сделать сайт в фигме	2	2	9	8			True	как сделать сайт
it компания екатеринбург	2	2	9	13			True	it компания
айти компания вакансии	2	2	9	9		вакансии/работа	True	айти компания
разработка по на заказ	2	2	9	9			False	разработка по | заказная разработка
сайт кыргыз тест	2	2	9	1			False	сайт кыргызстан
сайт заказать книги	2	2	9	6		обучение/курсы	False	сайт заказать | заказать сайт к
создание сайтов и веб дизайн	2	2	9	11			False	создание сайтов д | создание сайтов и
создание сайтов с чего начать	2	2	9	12			False	создание сайтов с | создание сайтов ч
сделать сайт своими руками	2	2	9	12		DIY/бесплатно	False	сделать сайт с | сделать сайт р
сайт визитка конструктор бесплатно	2	2	9	20		DIY/бесплатно	False	сайт визитка к | сайт визитка б
сколько стоит создание интернет магазина на тильде	2	2	9	22			False	создание интернет магазина н | создание интернет магазина с
студия веб дизайна алматы	2	2	9	13	алматы		False	веб студия д | веб студия а
студия веб дизайна пермь	2	2	9	12			False	веб студия д | веб студия п
веб студия как открыть	2	2	9	10			False	веб студия к | веб студия о
ооо веб студия регул	2	2	9	8			False	веб студия р | веб студия о
разработка мобильных приложений на каком языке	2	2	9	13			False	разработка мобильных приложений н | разработка мобильных приложений к
сайт бюро находок в бишкеке	2	2	9	13	бишкек		False	сайт в бишкеке
kg domain buy	2	2	9	5	кг/kg		False	домен kg
рейтинг студий веб разработки	2	2	9	11			False	рейтинг веб студий
сайт ресторана рётэй краснодар	2	2	9	12			False	сайт для ресторана
сайт школы 50	2	2	9	0			False	сайт для школы
сайт отеля оазис мертвое море	2	2	9	15			False	сайт для отеля
сайт строительной компании на тильде	2	2	9	6			False	сайт для строительной компании
сайт магазина аврора	2	2	9	3			False	сайт для магазина
создание сайтов туапсе сайт краснодар рф	2	2	10	23			False	создание сайтов т | создание сайтов кр
создание корпоративного сайта цена	2	2	10	18			False	создание сайта ц | создание сайта цена
создание сайта для строительной компании	2	2	10	24			False	создание сайта д | создание сайта для
разработка сайта на вордпресс	2	2	10	13			True	разработка сайта
сайт под ключ томск	2	2	10	6			True	сайт под ключ
сайт визитка для репетитора	2	2	10	13			False	сайт визитка д | сайт визитка для
лендинг це	2	2	10	3			False	лендинг
landing page free	2	2	10	5			True	landing page
корпоративный сайт совкомбанк	2	2	10	11			True	корпоративный сайт
интернет магазин хром расширения	2	2	10	16			False	интернет магазин
веб разработка вузы	2	2	10	5			True	веб разработка
веб разработчик работа	2	2	10	7		вакансии/работа	True	веб разработчик
программист на английском	2	2	10	14			True	программист
программист обучение бишкек	2	2	10	9	бишкек	обучение/курсы	False	программист бишкек
crm система как читается	2	2	10	13			True	crm система
автоматизация бизнеса 1с	2	2	10	3			True	автоматизация бизнеса
веб приложение салют	2	2	10	6			True	веб приложение
мобильное приложение мой газ	2	2	10	8			False	мобильное приложение
телеграм бот пробить номер	2	2	10	14			True	телеграм бот
телеграм бот для скачивания видео с инстаграма	2	2	10	34			False	телеграм бот | телеграм бот для
чат бот гаи рб	2	2	10	7			False	чат бот
дизайн сайта купить	2	2	10	7			True	дизайн сайта
seo продвижение хабаровск	2	2	10	10			True	seo продвижение
продвижение сайта самостоятельно	2	2	10	15		DIY/бесплатно	True	продвижение сайта
стоимость сайта в украине	2	2	10	10			True	стоимость сайта
средняя цена сайта	2	2	10	8			True	цена сайта
сайт на тильде купить	2	2	10	7			True	сайт на тильде
сайт на платформе wordpress	2	2	10	10			True	сайт на wordpress
сайт для малого бизнеса	2	2	10	7			True	сайт для бизнеса
сайт для клининговой компании	2	2	10	12			True	сайт для компании
как создать сайт с нуля бесплатно	2	2	10	17		обучение/курсы,DIY/бесплатно	True	как создать сайт
как сделать сайт html	2	2	10	5		DIY/бесплатно	True	как сделать сайт
it компания контур отзывы сотрудников	2	2	10	26			True	it компания
красная it компания	2	2	10	5			False	it компания кр | айти компания кр
айти компания спб	2	2	10	4	спб		True	айти компания
сайт кыргыз туусу	2	2	10	2			False	сайт кыргызстан
заказать сайт для сервера майнкрафт	2	2	10	20			False	заказать сайт м | заказать сайт с
заказать сайт на таплинк	2	2	10	9			False	заказать сайт т | заказать сайт н
сайт визитка в телеграм	2	2	10	9			False	сайт визитка т | сайт визитка в
сайт визитка примеры работ	2	2	10	12		шаблоны/скачать	False	сайт визитка п | сайт визитка р
студия веб дизайна россия	2	2	10	13			False	веб студия д | веб студия р
веб студия сокол мем	2	2	10	8			False	веб студия м | веб студия с
ооо веб студия р52 ру	2	2	10	9			False	веб студия р | веб студия о
сколько стоит создать сайт как авито	2	2	10	16			False	сколько стоит сайт а | сколько стоит сайт к
создание сайта без регистрации	2	2	10	14			False	создание сайта б | создание сайта р
госрегистр бишкек сайт	2	2	10	11	бишкек		False	бишкек сайт
сайт посольства сша в бишкеке	2	2	10	15	бишкек		False	сайт в бишкеке
проверить домен kg	2	2	10	10	кг/kg		False	домен kg
создание лендинга на wordpress	2	2	10	13			False	создание лендинга
сайт ресторана друзья	2	2	10	3			False	сайт для ресторана
сайт школы 1	2	2	10	0			False	сайт для школы
сайт отеля жемчужина сочи	2	2	10	11			False	сайт для отеля
строительные компании бишкек инстаграм	2	2	10	8	бишкек		False	сайт для строительной компании
сайт магазина пятёрочка	2	2	10	6			False	сайт для магазина
создание сайта магазина цена	2	2	11	12			False	создание сайта ц | создание сайта цена
создание сайта для компании	2	2	11	11			False	создание сайта д | создание сайта для
разработка сайта вакансии	2	2	11	9		вакансии/работа	True	разработка сайта
как сделать сайт для слабовидящих	2	2	11	17			False	сделать сайт для | как сделать сайт для
сайт под ключ купить	2	2	11	7			True	сайт под ключ
сайт визитка для разработчика	2	2	11	15			False	сайт визитка д | сайт визитка для
лендинг энд финанс почта	2	2	11	17			True	лендинг
landing page meaning	2	2	11	8		определения	True	landing page
корпоративный сайт максавит	2	2	11	9			True	корпоративный сайт
интернет магазин глобус	2	2	11	7			False	интернет магазин
веб разработка ранхигс	2	2	11	8			True	веб разработка
веб разработчик после 9 класса	2	2	11	15			True	веб разработчик
программист обучение	2	2	11	9		обучение/курсы	True	программист
программист курс бишкек	2	2	11	5	бишкек	обучение/курсы	False	программист бишкек
crm система битрикс24	2	2	11	10			True	crm система
автоматизация бизнеса под ключ	2	2	11	9			True	автоматизация бизнеса
веб приложение и сайт разница	2	2	11	15			True	веб приложение
разработка приложений на базе gpt-4 и chatgpt	2	2	11	24		DIY/бесплатно	True	разработка приложений
телеграм бот кто отписался в инстаграме	2	2	11	27			True	телеграм бот
чат бот александра	2	2	11	11			True	чат бот
дизайн сайта ai	2	2	11	3			True	дизайн сайта
seo продвижение мфо кейс	2	2	11	9			True	seo продвижение
продвижение сайта с гарантией спб	2	2	11	16	спб		True	продвижение сайта
стоимость сайта на таплинк	2	2	11	11			True	стоимость сайта
цена создания сайта визитки	2	2	11	17			True	цена сайта
мультиязычный сайт на wordpress	2	2	11	14			True	сайт на wordpress
сайт для продажи бизнеса	2	2	11	8			True	сайт для бизнеса
сайт для юридической компании	2	2	11	12			True	сайт для компании
как создать сайт в гугле на телефоне	2	2	11	20		DIY/бесплатно	True	как создать сайт
как сделать сайт приложением на айфоне	2	2	11	22			True	как сделать сайт
it компания алматы	2	2	11	7	алматы		True	it компания
айти компания днепр	2	2	11	6			True	айти компания
создание сайтов бесплатно без регистрации	2	2	11	24		DIY/бесплатно	False	создание сайтов р | создание сайтов б
разработка сайтов imedia solutions минск отзывы	2	2	11	28	минск		False	разработка сайтов о | разработка сайтов м
сайт сделать тир лист	2	2	11	7			False	сделать сайт л | сделать сайт т
сделать сайт приглашение онлайн бесплатно	2	2	11	27		DIY/бесплатно	False	сделать сайт п | сделать сайт о
соколова в в разработка мобильных приложений	2	2	11	11			False	разработка мобильных приложений с | разработка мобильных приложений в
сколько стоит сайт в среднем	2	2	11	8			False	сколько стоит сайт ч | сколько стоит сайт в
создание сайта под ключ украина	2	2	11	15			False	создание сайта у | создание сайта п
бишкек газ сайт	2	2	11	4	бишкек		False	бишкек сайт
сайт консульства россии в бишкеке	2	2	11	19	бишкек		False	сайт в бишкеке
сайт кгафкис	2	2	11	5			False	сайт кг
domain us kg	2	2	11	4	кг/kg		False	домен kg
создание лендинга онлайн	2	2	11	7			False	создание лендинга
сайт ресторана на тильде	2	2	11	6			False	сайт для ресторана
сайт школы номер 2	2	2	11	4			False	сайт для школы
сайт отеля ялта интурист	2	2	11	10			False	сайт для отеля
строительный компании в бишкеке	2	2	11	1	бишкек		False	сайт для строительной компании
сайт магазина лента	2	2	11	2			False	сайт для магазина
создание сайтов seo-system	2	2	12	11			True	создание сайтов
создание многостраничного сайта цена	2	2	12	20			False	создание сайта ц | создание сайта цена
разработка сайта — slam	2	2	12	7			True	разработка сайта
сколько стоит сделать сайт цена	2	2	12	17			False	сделать сайт ц | сделать сайт цена
сайт под ключ беларусь	2	2	12	9			True	сайт под ключ
landing page сайт	2	2	12	5			True	landing page
корпоративный сайт аптека групп	2	2	12	13			True	корпоративный сайт
веб разработка на python	2	2	12	10		DIY/бесплатно	True	веб разработка
веб разработчик с нуля	2	2	12	7		обучение/курсы	True	веб разработчик
программист сколько учиться	2	2	12	16		обучение/курсы	False	программист
программист окуу жайы бишкек	2	2	12	10	бишкек		False	программист бишкек
crm система бесплатно	2	2	12	10		DIY/бесплатно	True	crm система
автоматизация бизнеса с помощью ии обучение	2	2	12	22		обучение/курсы,DIY/бесплатно	True	автоматизация бизнеса
веб приложение газпромнефть	2	2	12	13			True	веб приложение
мобильное приложение азс лукойл скачать	2	2	12	19		шаблоны/скачать	True	мобильное приложение
разработка приложений с помощью ии	2	2	12	13		DIY/бесплатно	True	разработка приложений
чат бот нова пошта	2	2	12	11			False	чат бот
дизайн сайта онлайн	2	2	12	7			True	дизайн сайта
seo продвижение сайта моссео	2	2	12	13			True	seo продвижение
стоимость сайта визитки на тильде	2	2	12	18			True	стоимость сайта
сайт на тильде создать	2	2	12	8			True	сайт на тильде
сайт-визитка на tilda	2	2	12	8			True	сайт на tilda | сайт визитка н
сбер сайт для бизнеса	2	2	12	5			True	сайт для бизнеса
как создать сайт приглашение на свадьбу	2	2	12	23			True	как создать сайт
как сделать сайт визитку	2	2	12	8			True	как сделать сайт
it компания отсрочка от армии	2	2	12	18			True	it компания
айти компания алматы	2	2	12	7	алматы		True	айти компания
сайт кну	2	2	12	4			False	сайт | сайт кг
сделать сайт без регистрации	2	2	12	14			False	сделать сайт б | сделать сайт р
сделать сайт с оплатой	2	2	12	8			False	сделать сайт о | сделать сайт с
сайт визитка для малого бизнеса	2	2	12	17			False	сайт визитка б | сайт визитка м
веб кам студия москва	2	2	12	9	москва		False	веб студия к | веб студия м
пегасус бишкек сайт	2	2	12	8	бишкек		False	бишкек сайт
сайт посольства узбекистана в бишкеке	2	2	12	23	бишкек,ташкент/узб		False	сайт в бишкеке
whois domain kg	2	2	12	7	кг/kg		False	домен kg
создание лендинга заказать	2	2	12	9			False	создание лендинга
сайт ресторана барнаул	2	2	12	4			False	сайт для ресторана
сайт школы 12	2	2	12	0			False	сайт для школы
сайт отеля космос москва	2	2	12	10	москва		False	сайт для отеля
сайт магазина атб	2	2	12	0			False	сайт для магазина
разработка сайта фриланс	2	2	13	8			True	разработка сайта
сайт под ключ фриланс	2	2	13	8			True	сайт под ключ
сайт визитка для стоматолога	2	2	13	14			False	сайт визитка д | сайт визитка для
landing page на русском	2	2	13	11			True	landing page
корпоративный сайт магнит	2	2	13	7			True	корпоративный сайт
интернет магазин trendyol	2	2	13	9			False	интернет магазин
создание интернет магазина в телеграм	2	2	13	11			True	создание интернет магазина
веб разработка и дизайн	2	2	13	9			True	веб разработка
веб разработчик вакансии минск	2	2	13	15	минск	вакансии/работа	True	веб разработчик
программист вакансии	2	2	13	9		вакансии/работа	True	программист
crm система как в ней работать	2	2	13	19		вакансии/работа	True	crm система
автоматизация бизнеса новороссийск	2	2	13	13			True	автоматизация бизнеса
веб приложение fc 26	2	2	13	6			True	веб приложение
мобильное приложение ржд пассажирам	2	2	13	15			True	мобильное приложение
разработка приложений на qt	2	2	13	6			True	разработка приложений
телеграм бот аква лаб	2	2	13	9			False	телеграм бот
чат бот ощадбанк	2	2	13	9			False	чат бот
дизайн сайта пинтерест	2	2	13	10			True	дизайн сайта
стоимость сайта авито	2	2	13	6			True	стоимость сайта
цена дизайна сайта	2	2	13	8			True	цена сайта
сайт на тильде не открывается с впн	2	2	13	21			True	сайт на тильде
готовый сайт на wordpress скачать бесплатно	2	2	13	26		DIY/бесплатно,шаблоны/скачать	True	сайт на wordpress
сайт приват для бизнеса	2	2	13	7			True	сайт для бизнеса
сайт компании аэрофлот	2	2	13	5			True	сайт для компании
как сделать сайт на рабочий стол айфон	2	2	13	22			True	как сделать сайт
it компания астана	2	2	13	7	астана		True	it компания
сделать сайт для репетитора	2	2	13	13			False	сделать сайт р | сделать сайт д
коржинский с н разработка мобильных приложений	2	2	13	13			False	разработка мобильных приложений с | разработка мобильных приложений к
загс бишкек сайт	2	2	13	5	бишкек		False	бишкек сайт
сайт посольство кореи в бишкеке	2	2	13	17	бишкек		False	сайт в бишкеке
чей домен kg	2	2	13	4	кг/kg		False	домен kg
сайт ресторана евразия	2	2	13	4			False	сайт для ресторана
сайт школы 25	2	2	13	0			False	сайт для школы
сайт отеля санкт петербург	2	2	13	12	спб		False	сайт для отеля
сайт магазина магнит	2	2	13	3			False	сайт для магазина
создание сайта для ресторана	2	2	14	12			False	создание сайта д | создание сайта для
разработка сайта это	2	2	14	4		определения	True	разработка сайта
landing page structure	2	2	14	10			True	landing page
корпоративный сайт управдом	2	2	14	9			True	корпоративный сайт
создание интернет магазина в ташкенте	2	2	14	11	ташкент/узб		True	создание интернет магазина
веб разработка и нейросетевые технологии	2	2	14	26		DIY/бесплатно	True	веб разработка
веб разработчик стажировка	2	2	14	11			True	веб разработчик
программист университет бишкек	2	2	14	19	бишкек	обучение/курсы	False	программист
crm система вход	2	2	14	5		вход/логин	True	crm система
автоматизация бизнеса телефон	2	2	14	8			True	автоматизация бизнеса
веб приложение белагро	2	2	14	8			False	веб приложение
мобильное приложение сбербанк	2	2	14	9			True	мобильное приложение
разработка приложений в визуальных средах	2	2	14	20			True	разработка приложений
чат бот мвд	2	2	14	4			False	чат бот
дизайн сайта тильда	2	2	14	7			True	дизайн сайта
стоимость хостинга сайта	2	2	14	9			True	стоимость сайта
средняя цена сайта на тильде	2	2	14	18			True	цена сайта
сайт на тильде не открывается	2	2	14	15			True	сайт на тильде
готовый сайт для бизнеса	2	2	14	8			True	сайт для бизнеса
сайт компании победа	2	2	14	3			True	сайт для компании
как сделать сайт на вордпресс	2	2	14	13			True	как сделать сайт
it компания business empire	2	2	14	16			False	it компания
айти компания украина	2	2	14	8			True	айти компания
санэпидемстанция бишкек сайт	2	2	14	17	бишкек		False	бишкек сайт
сайт посольства германии в бишкеке	2	2	14	20	бишкек		False	сайт в бишкеке
сайт ресторана токио владивосток	2	2	14	14			False	сайт для ресторана
сайт школы 33	2	2	14	0			False	сайт для школы
сайт отеля беркарар аваза	2	2	14	11			False	сайт для отеля
сайт магазина светофор	2	2	14	5			False	сайт для магазина
разработка сайта и приложения	2	2	15	13			True	разработка сайта
корпоративный сайт 3.0	2	2	15	4			True	корпоративный сайт
веб разработка вузы москва	2	2	15	12	москва		True	веб разработка
crm система 1с	2	2	15	3			True	crm система
автоматизация бизнеса москва	2	2	15	7	москва		True	автоматизация бизнеса
веб приложение белагропромбанк скачать	2	2	15	24		шаблоны/скачать	False	веб приложение
мобильное приложение пятёрочка скачать	2	2	15	18		шаблоны/скачать	True	мобильное приложение
айти компания сотка	2	2	15	6			True	айти компания
северэлектро бишкек сайт	2	2	15	13	бишкек		False	бишкек сайт
создание сайта на тильде заказать	1	1	1	10			False	создание сайта заказать
создание сайта недорого спб	1	1	1	4	спб		False	создание сайта недорого
разработка сайта казахстан	1	1	1	0	казахстан		False	разработка сайта кыргызстан
разработка сайта красноярск	1	1	1	8			False	разработка сайта кр
разработка дизайна сайта стоимость	1	1	1	8			False	разработка сайта стоимость
разработка дизайна сайта заказать	1	1	1	8			False	разработка сайта заказать
разработка сайта для интернет магазина	1	1	1	18			False	разработка сайта для
заказать сайт визитку недорого	1	1	1	8			False	заказать сайт недорого
сделать сайт казахстан	1	1	1	0	казахстан		False	сделать сайт кыргызстан
сделать сайт красноярск	1	1	1	8			False	сделать сайт кр
купить сайт под ключ недорого	1	1	1	7			False	сайт под ключ недорого
лендинг казахстан	1	1	1	0	казахстан		False	лендинг кыргызстан
лендинг криптовалют	1	1	1	9			False	лендинг кр
лендинг цена фриланс	1	1	1	8			False	лендинг цена
стоимость лендинг сайта	1	1	1	6			False	лендинг стоимость
лендинг заказать цена	1	1	1	5			False	лендинг заказать
лендинг для психолога	1	1	1	10			False	лендинг для
красивые landing page	1	1	1	6			False	landing page кр
корпоративный сайт директ кредит	1	1	1	11			False	корпоративный сайт кр
корпоративный сайт цена	1	1	1	0			False	корпоративный сайт стоимость
корпоративный сайт для сотрудников	1	1	1	12			False	корпоративный сайт для
интернет магазин бишкек одежда	1	1	1	7	бишкек		False	интернет магазин бишкек
интернет магазин казахстан	1	1	1	0	казахстан		True	интернет магазин кыргызстан
интернет магазин крупской	1	1	1	6			False	интернет магазин кр
интернет магазин ошка	1	1	1	2			False	интернет магазин ош
интернет магазин ценалом	1	1	1	3			False	интернет магазин цена
создать интернет магазин стоимость	1	1	1	8			False	интернет магазин стоимость
интернет магазин заказать создание сайта	1	1	1	15			False	интернет магазин заказать
интернет магазин недорогой одежды	1	1	1	8			False	интернет магазин недорого
интернет магазин для заключенных	1	1	1	12			True	интернет магазин для
веб разработка казахстан	1	1	1	0	казахстан		False	веб разработка кыргызстан
разработка веб приложений под ключ	1	1	1	11			False	веб разработка под ключ
веб разработка для начинающих	1	1	1	11		обучение/курсы	False	веб разработка для
веб разработчик казахстан	1	1	1	0	казахстан		False	веб разработчик кыргызстан
программист в кыргызстане	1	1	1	3	кыргызстан		False	программист кыргызстан
программист красноярск	1	1	1	8			False	программист кр
программист ош университет	1	1	1	12	ош	обучение/курсы	False	программист ош
программист 1с цена за час	1	1	1	10			False	программист цена
программист стоимость обучения	1	1	1	9		обучение/курсы	False	программист стоимость
программисты в бишкеке	1	1	1	2	бишкек		False	программист недорого
программист для детей	1	1	1	6			False	программист для
crm система казахстан	1	1	1	0	казахстан		True	crm система кыргызстан
crm система кратко	1	1	1	4			False	crm система кр
crm система цена украина	1	1	1	8			False	crm система цена
crm система для строительства	1	1	1	14			False	crm система для
автоматизация бизнеса казахстан	1	1	1	0	казахстан		False	автоматизация бизнеса кыргызстан
автоматизация для бизнеса	1	1	1	0			False	автоматизация бизнеса для
кроссплатформенное веб приложение	1	1	1	16			False	веб приложение кр
заказать веб приложение	1	1	1	0			False	веб приложение заказать
веб приложение для ios белагропромбанк	1	1	1	20			False	веб приложение для
мобильное приложение кыргыз тест	1	1	1	1			False	мобильное приложение кыргызстан
мобильное приложение красное белое	1	1	1	11			False	мобильное приложение кр
1с мобильное приложение ошибка доступа к файлу	1	1	1	23			False	мобильное приложение ош
мобильное приложение цифровой ключ скачать	1	1	1	13		шаблоны/скачать	False	мобильное приложение под ключ
мобильное приложение для водителей	1	1	1	10			False	мобильное приложение для
разработка приложений казахстан	1	1	1	0	казахстан		False	разработка приложений кыргызстан
телеграм бот казахстан	1	1	1	0	казахстан		False	телеграм бот кыргызстан
телеграм бот кракен	1	1	1	4			False	телеграм бот кр
телеграм бот который исправляет ошибки в тексте	1	1	1	32			False	телеграм бот ош
создать телеграм бот цена	1	1	1	8			False	телеграм бот цена
telegram bot заказать	1	1	1	0			False	телеграм бот заказать
чат бишкек	1	1	1	0	бишкек		False	чат бот бишкек
чат бот казахстан	1	1	1	0	казахстан		False	чат бот кыргызстан
чат бот кристина	1	1	1	6			False	чат бот кр
чат бот исправление ошибок	1	1	1	16			False	чат бот ош
сделать чат бот цена	1	1	1	8			False	чат бот цена
создать чат бот стоимость	1	1	1	8			False	чат бот стоимость
чат бот для общения	1	1	1	8			False	чат бот для
красивый дизайн сайта	1	1	1	6			False	дизайн сайта кр
дизайн сайта цена фриланс	1	1	1	8			False	дизайн сайта цена
веб дизайн сайта стоимость	1	1	1	4			False	дизайн сайта стоимость
веб дизайн сайта заказать	1	1	1	4			False	дизайн сайта заказать
дизайн сайта для верстки	1	1	1	8			False	дизайн сайта для
seo продвижение казахстан	1	1	1	0	казахстан		False	seo продвижение кыргызстан
seo продвижение краснодар	1	1	1	7			False	seo продвижение кр
seo продвижение цена украина	1	1	1	8			False	seo продвижение цена
seo продвижение стоимость в месяц	1	1	1	8			False	seo продвижение стоимость
продвижение сайта казахстан	1	1	1	0	казахстан		False	продвижение сайта кыргызстан
продвижение сайта краснодар	1	1	1	7			False	продвижение сайта кр
продвижение сайта яндекс директ стоимость	1	1	1	14			False	продвижение сайта стоимость
продвижение сайта для начинающих	1	1	1	11		обучение/курсы	False	продвижение сайта для
сколько стоит сайт для интернет магазина	1	1	1	18			False	сколько стоит сайт для
стоимость создания сайта под ключ в москве	1	1	1	18	москва		False	стоимость сайта под ключ
стоимость сервера для сайта	1	1	1	8			False	стоимость сайта для
цена домена для сайта	1	1	1	7			False	цена сайта для
красивый сайт на тильде	1	1	1	6			False	сайт на тильде кр
одностраничный сайт на тильде цена	1	1	1	15			False	сайт на тильде цена
как оптимизировать сайт на тильде для поисковых систем	1	1	1	36			False	сайт на тильде для
сайт на tilda цена	1	1	1	5			True	сайт на tilda
сайт на тильда цена	1	1	1	1			False	сайт на tilda цена
красивый сайт на вордпресс	1	1	1	6			False	сайт на wordpress кр
сайт компании красное белое	1	1	1	7			False	сайт для компании кр
сайты для новичка	1	1	1	0			False	сайт для компании недорого
сайт где можно заказать кроссовки	1	1	1	13			False	где заказать сайт кр
как создать красивый сайт	1	1	1	6			False	как создать сайт кр
как сделать сайт красивым	1	1	1	6			False	как сделать сайт кр
it компании бишкека	2	1	1	4	бишкек		False	it компания для | it компании бишкека
веб студии вакансии	1	1	1	9		вакансии/работа	False	веб студии
веб студии казахстан	1	1	1	0	казахстан		False	веб студии кыргызстан
веб студии краснодар	1	1	1	7			False	веб студии кр
создать сайт бесплатно	1	1	1	10		DIY/бесплатно	False	создать сайт
создать сайт казахстан	1	1	1	0	казахстан		False	создать сайт кыргызстан
создать сайт красноярск	1	1	1	8			False	создать сайт кр
создать сайт для продажи	1	1	1	8			False	создать сайт для
разработка подзаконных актов	1	1	1	15			False	разработка по
разработка по казахстан	1	1	1	0	казахстан		False	разработка по кыргызстан
разработка кружка по русскому языку	1	1	1	19			False	разработка по кр
разработка ошурковского месторождения	1	1	1	21			False	разработка по ош
разработка по для бизнеса	1	1	1	8			False	разработка по для
разработка программного обеспечения	1	1	1	16			False	разработка программ
разработка программ для чпу	1	1	1	4			False	разработка программ для
amocrm вход	1	1	1	5		вход/логин	False	amocrm
amocrm казахстан	1	1	1	0	казахстан		False	amocrm кыргызстан
кронос amocrm	1	1	1	4			False	amocrm кр
коды ошибок amocrm	1	1	1	9			False	amocrm ош
amocrm для разработчиков	1	1	1	14			False	amocrm для
битрикс24 вход	1	1	1	5		вход/логин	False	битрикс24
битрикс24 казахстан	1	1	1	0	казахстан		False	битрикс24 кыргызстан
битрикс24 краткое описание	1	1	1	14			False	битрикс24 кр
битрикс24 ошибки	1	1	1	4			False	битрикс24 ош
битрикс24 цена лицензии	1	1	1	9			False	битрикс24 цена
битрикс24 стоимость тарифов	1	1	1	8			False	битрикс24 стоимость
внедрение битрикс24 под ключ	1	1	1	10			False	битрикс24 под ключ
битрикс24 для чего	1	1	1	5			False	битрикс24 для
1с фреш	1	1	1	5			False	1с
1с бишкек купить	1	1	1	7	бишкек		False	1с бишкек
1с в кыргызстане	1	1	1	3	кыргызстан		False	1с кыргызстан
1с крсу	1	1	1	2			False	1с кр
1с ошибка формата потока	1	1	1	19			False	1с ош
1с цена лицензии	1	1	1	9			False	1с цена
1с стоимость лицензий	1	1	1	9			False	1с стоимость
внедрение 1с под ключ	1	1	1	10			False	1с под ключ
заказать 1с	1	1	1	0			False	1с заказать
1с фреш бишкек	1	1	1	3	бишкек		False	1с недорого
1с для начинающих понятный самоучитель	1	1	1	32		обучение/курсы	False	1с для
редизайн сайта это	1	1	1	4		определения	False	редизайн сайта
поддержка сайта госуслуги	1	1	1	10			False	поддержка сайта
техническая поддержка сайта цена	1	1	1	12			False	поддержка сайта цена
поддержка службы	1	1	1	0			False	поддержка сайта недорого
разработчик сайтов вакансии	1	1	1	9		вакансии/работа	False	разработчик сайтов
сайт бишкек	2	1	1	7	бишкек		False	сайт | сайт бишкек
сайт бишкекводоканал	1	1	1	9	бишкек		False	сайт бишкек
сайт кыргызстандарта	1	1	1	5	кыргызстан		False	сайт кыргызстан
сайт крсу	1	1	1	2			False	сайт кр
сайт ошгу	1	1	1	2			False	сайт ош
сайт цена номеров	1	1	1	8			False	сайт цена
сайт стоимость номеров	1	1	1	8			False	сайт стоимость
сайт недорого 24	1	1	1	3			False	сайт недорого
digital агентство это	1	1	1	4		определения	False	digital агентство
рекламное агентство бишкек	1	1	1	2	бишкек		False	digital агентство бишкек
рекламное агентство кыргызстан	1	1	1	2	кыргызстан		False	digital агентство кыргызстан
рекламное агентство ош	1	1	1	2	ош		False	digital агентство ош
рекламное агентство ключ	1	1	1	0			False	digital агентство под ключ
рекламное агентство для детей	1	1	1	8			False	digital агентство для
разработка телеграм бота	1	1	1	0			False	разработка telegram бота
разработка телеграм бота стоимость	1	1	1	0			False	разработка telegram бота стоимость
разработка чат бота для бизнеса	1	1	1	3			False	разработка telegram бота для
заказать приложение альфа банка	1	1	1	12			False	заказать приложение
скачать приложение бишкек петролеум	1	1	1	9	бишкек	шаблоны/скачать	False	заказать приложение бишкек
создание приложений с ии агентами	1	1	1	14		DIY/бесплатно	False	создание приложений
создание кроссплатформенных приложений	1	1	1	16			False	создание приложений кр
создание приложений для андроид	1	1	1	8			False	создание приложений для
b2b портал русклимат	1	1	1	10			False	b2b портал
b2b bestservice	1	1	1	0			False	b2b портал недорого
сайт каталог пример	1	1	1	7		шаблоны/скачать	False	сайт каталог
сайт краскон каталог	1	1	1	5			False	сайт каталог кр
сваровски официальный сайт каталог цена москва	1	1	1	29	москва		False	сайт каталог цена
личный кабинет налогоплательщика	1	1	1	18			False	личный кабинет
личный кабинет бишкектеплосеть	1	1	1	9	бишкек		False	личный кабинет бишкек
личный кабинет кыргызстан эрсаг	1	1	1	6	кыргызстан		False	личный кабинет кыргызстан
личный кабинет крсу	1	1	1	2			False	личный кабинет кр
личный кабинет ценалом	1	1	1	3			False	личный кабинет цена
личный кабинет 1с отчетность стоимость	1	1	1	14			False	личный кабинет стоимость
личный кабинет ключ телеком	1	1	1	4			False	личный кабинет под ключ
мтс личный кабинет заказать детализацию	1	1	1	16			False	личный кабинет заказать
личный кабинет неомед	1	1	1	0			False	личный кабинет недорого
личный кабинет для юридических лиц	1	1	1	16			False	личный кабинет для
создание сайтов гугл	1	1	1	3			True	создание сайтов г
создание сайтов днепр	1	1	1	4			False	создание сайтов д
создание сайтов екатеринбург	1	1	1	11			False	создание сайтов е
создание сайтов ии	1	1	1	1		DIY/бесплатно	False	создание сайтов и
создание сайтов кишинев	1	1	1	6			False	создание сайтов к
создание сайтов любой сложности	1	1	1	14			False	создание сайтов л
создание сайтов тильда	1	1	1	5			False	создание сайтов т
создание сайтов украина	1	1	1	6			False	создание сайтов у
создание сайтов фриланс	1	1	1	6			False	создание сайтов ф
создание сайтов хабаровск	1	1	1	8			True	создание сайтов х
создание сайтов через ии	1	1	1	7		DIY/бесплатно	False	создание сайтов ч
создание сайтов шымкент	1	1	1	6	шымкент		True	создание сайтов ш
создание сайтов эстония	1	1	1	6			False	создание сайтов э
создание сайтов яндекс	1	1	1	5			False	создание сайтов я
разработка сайтов гродно	1	1	1	5			False	разработка сайтов г
разработка сайтов днепр	1	1	1	4			False	разработка сайтов д
разработка сайтов екатеринбург	1	1	1	11			True	разработка сайтов е
разработка сайтов запорожье	1	1	1	8			False	разработка сайтов з
разработка сайтов и приложений	1	1	1	11			True	разработка сайтов и
разработка сайтов лендинг	1	1	1	6			False	разработка сайтов л
разработка сайтов работа	1	1	1	5		вакансии/работа	True	разработка сайтов р
разработка сайтов хабаровск	1	1	1	8			False	разработка сайтов х
разработка сайтов челябинск	1	1	1	8			False	разработка сайтов ч
разработка сайтов шымкент	1	1	1	6	шымкент		True	разработка сайтов ш
разработка сайтов это	1	1	1	2		определения	False	разработка сайтов э
разработка сайтов якутск	1	1	1	5			False	разработка сайтов я
заказать сайт астана	1	1	1	5	астана		False	заказать сайт а
заказать сайт беларусь	1	1	1	7			False	заказать сайт б
заказать сайт германия	1	1	1	7			False	заказать сайт г
заказать сайт екатеринбург	1	1	1	11			False	заказать сайт е
заказать сайт киев	1	1	1	3			False	заказать сайт к
заказать сайт одесса	1	1	1	5			False	заказать сайт о
заказать сайт россия	1	1	1	5			False	заказать сайт р
заказать сайт тильда	1	1	1	5			False	заказать сайт т
заказать сайт хабаровск	1	1	1	8			False	заказать сайт х
сделать сайт авито	1	1	1	4			False	сделать сайт а
сделать сайт екатеринбург	1	1	1	11			False	сделать сайт е
сделать сайт за деньги	1	1	1	8			False	сделать сайт з
сделать сайт купить	1	1	1	5			False	сделать сайт к
сделать сайт лендинг	1	1	1	6			False	сделать сайт л
сделать сайт минск	1	1	1	4	минск		False	сделать сайт м
сделать сайт работа	1	1	1	5		вакансии/работа	False	сделать сайт р
сделать сайт тильда	1	1	1	5			False	сделать сайт т
сделать сайт услуги	1	1	1	5			False	сделать сайт у
сделать сайт фриланс	1	1	1	6			False	сделать сайт ф
сделать сайт хабаровск	1	1	1	8			False	сделать сайт х
сделать сайт через ии	1	1	1	7		DIY/бесплатно	False	сделать сайт ч
сделать сайт шаблон	1	1	1	5		шаблоны/скачать	False	сделать сайт ш
сделать сайт эстония	1	1	1	6			False	сделать сайт э
как сделать сайт ютуб	1	1	1	7			False	сделать сайт ю
сделать сайт яндекс	1	1	1	5			False	сделать сайт я
сайт визитка адвоката	1	1	1	7			False	сайт визитка а
сайт визитка врача	1	1	1	4			True	сайт визитка в
сайт визитка гугл	1	1	1	3			False	сайт визитка г
сайт визитка конструктор	1	1	1	10		DIY/бесплатно	False	сайт визитка к
сайт визитка лендинг	1	1	1	6			False	сайт визитка л
сайт визитка от сбера	1	1	1	7			False	сайт визитка о
сайт визитка разработчика	1	1	1	11			False	сайт визитка р
сайт визитка учителя	1	1	1	6			False	сайт визитка у
сайт визитка фотографа	1	1	1	8			False	сайт визитка ф
сайт визитка художника	1	1	1	8			False	сайт визитка х
сайт визитка что это	1	1	1	6		определения	False	сайт визитка ч
сайт визитка юриста	1	1	1	5			False	сайт визитка ю
сайт визитка яндекс	1	1	1	5			False	сайт визитка я
создание интернет магазина бесплатно	1	1	1	8		DIY/бесплатно	False	создание интернет магазина б
создание интернет магазина в инстаграм	1	1	1	10			False	создание интернет магазина и
создание корзины для интернет магазина	1	1	1	10			False	создание интернет магазина к
яндекс создание интернет магазина	1	1	1	5			False	создание интернет магазина я
веб студия днепр	1	1	1	4			False	веб студия д
веб студия иркутск	1	1	1	6			False	веб студия и
веб студия лайка	1	1	1	4			False	веб студия л
веб студия новосибирск	1	1	1	10			False	веб студия н
веб студия оренбург	1	1	1	7			False	веб студия о
веб студия хабаровск	1	1	1	8			False	веб студия х
веб студия цены	1	1	1	3			False	веб студия ц
веб студия что это	1	1	1	6		определения	False	веб студия ч
веб студия шоколад	1	1	1	6			False	веб студия ш
веб студия ютуб	1	1	1	3			False	веб студия ю
веб студия ярославль	1	1	1	8			False	веб студия я
разработка мобильных приложений алматы	1	1	1	5	алматы		False	разработка мобильных приложений а
разработка мобильных приложений екатеринбург	1	1	1	11			False	разработка мобильных приложений е
разработка мобильных приложений зарплата	1	1	1	7		вакансии/работа	False	разработка мобильных приложений з
разработка мобильных приложений ташкент	1	1	1	6	ташкент/узб		False	разработка мобильных приложений т
разработка мобильных приложений федотенко	1	1	1	8			False	разработка мобильных приложений ф
разработка мобильных приложений это	1	1	1	2		определения	False	разработка мобильных приложений э
разработка мобильных приложений якутск	1	1	1	5			False	разработка мобильных приложений я
сколько стоит сайт авито	1	1	1	4			False	сколько стоит сайт а
сколько стоит готовый сайт	1	1	1	6			False	сколько стоит сайт г
сколько стоит сайт каталог	1	1	1	6			False	сколько стоит сайт к
сколько стоит сайт тильда	1	1	1	5			False	сколько стоит сайт т
сколько стоит сайт у лебедева	1	1	1	9			False	сколько стоит сайт у
сайт для быстрого печатания	1	1	1	17			False	сайт для б
сайт для визы в китай	1	1	1	11			False	сайт для в
сайт для генерации картинок	1	1	1	17			False	сайт для г
сайт для доната	1	1	1	5			False	сайт для д
сайт для егоров	1	1	1	5			False	сайт для е
сайт для жалоб	1	1	1	4			False	сайт для ж
сайт для конспектов	1	1	1	9			False	сайт для к
сайт для лагмана	1	1	1	6			False	сайт для л
сайт для монтажа видео	1	1	1	12			False	сайт для м
сайт для нахождения структур в майнкрафте	1	1	1	31			False	сайт для н
сайт для трейдов бф	1	1	1	9			False	сайт для т
сайт для художников	1	1	1	9			False	сайт для х
сайт для целевого обучения	1	1	1	16		обучение/курсы	False	сайт для ц
сайт для чтения книг бесплатно	1	1	1	20		обучение/курсы,DIY/бесплатно	False	сайт для ч
сайт для шрифтов	1	1	1	6			False	сайт для ш
сайт для школы	2	1	1	4			False	сайт для ш | сайт для школы
сайт для эдитов	1	1	1	5			False	сайт для э
сайт для юристов	1	1	1	6			False	сайт для ю
сайт для языкового обмена	1	1	1	15			False	сайт для я
создание сайта екатеринбург	1	1	1	11			False	создание сайта е
создание сайта конструктор	1	1	1	10		DIY/бесплатно	True	создание сайта к
создание сайта лендинг	1	1	1	6			False	создание сайта л
создание сайта рб	1	1	1	1			False	создание сайта р
создание сайта тильда	1	1	1	5			False	создание сайта т
создание сайта услуги	1	1	1	5			False	создание сайта у
создание сайта фриланс	1	1	1	6			False	создание сайта ф
создание сайта хабаровск	1	1	1	8			False	создание сайта х
создание сайта через ии	1	1	1	7		DIY/бесплатно	False	создание сайта ч
создание сайта шаблон	1	1	1	5		шаблоны/скачать	False	создание сайта ш
создание сайта яндекс	1	1	1	5			False	создание сайта я
сайт kgd gov kz	1	1	1	7	кз/kz		False	сайт .kg
host бишкек	1	1	1	0	бишкек		False	хостинг бишкек
crm для бизнеса это	1	1	1	4		определения	False	crm для бизнеса
crm для магазина одежды	1	1	1	7			False	crm для магазина
телеграм бот для бизнеса купить	1	1	1	7			False	телеграм бот для бизнеса
телеграм бот для магазина одежды	1	1	1	7			False	телеграм бот для магазина
создание телеграм бота python	1	1	1	7		DIY/бесплатно	False	создание телеграм бота
лучшие it компании россии	1	1	1	7			False	лучшие it компании
топ it компании в кыргызстане	1	1	1	2	кыргызстан		False	топ it компаний кыргызстана
как скопировать сайт с админкой	1	1	1	16			False	сайт с админкой
сайт с личным кабинетом пользователя	1	1	1	13			False	сайт с личным кабинетом
интернет магазин b2b shop	1	1	1	5			False	b2b интернет магазин
оптовый интернет магазин одежды	1	1	1	7			False	оптовый интернет магазин
b2b платформа made in china	1	1	1	14			False	b2b платформа
сколько стоит в бишкеке	1	1	1	0	бишкек		False	сколько стоит сайт в бишкеке
сколько стоит мобильное приложение для клиента с пу он лайф	1	1	1	25			False	сколько стоит мобильное приложение
сколько стоит crm система	1	1	1	8			False	сколько стоит crm
сколько стоит интернет магазин под ключ	1	1	1	9			False	сколько стоит интернет магазин
сколько стоит лендинг сайт	1	1	1	5			False	сколько стоит лендинг
сколько стоит разработка гта 6	1	1	1	6			False	сколько стоит разработка
интеграция с 1с точка	1	1	1	6			False	интеграция с 1с
1c интеграция с сайтом	1	1	1	1			False	интеграция сайта с 1с
оплата на сайте сдэк	1	1	1	5			False	оплата на сайте
интернет эквайринг бишкек	1	1	1	9	бишкек		False	эквайринг бишкек
эквайринг казахстан	1	1	1	0	казахстан		False	эквайринг кыргызстан
подключить оплату на сайте	1	1	1	1			False	подключить оплату на сайт
ios разработчик бишкек	1	1	1	4	бишкек		False	разработчик бишкек
react разработчик вакансии	1	1	1	9		вакансии/работа	False	react разработчик
next js разработчик вакансии	1	1	1	9		вакансии/работа	False	next js разработчик
фриланс бишкек набор текста	1	1	1	13	бишкек		False	фриланс бишкек
веб дизайнер бишкек университет	1	1	1	12	бишкек	обучение/курсы	False	веб дизайнер бишкек
веб дизайн курсы бишкек	1	1	1	6	бишкек	обучение/курсы	False	веб дизайн бишкек
ux ui дизайн курсы бишкек	1	1	1	6	бишкек	обучение/курсы	False	ux ui дизайн бишкек
доработка сайта на wordpress	1	1	1	13			False	доработка сайта
техподдержка сайта енбек кз	1	1	1	9	кз/kz		False	техподдержка сайта
перенос сайта на другой хостинг	1	1	1	18			False	перенос сайта
хостинг для сайта бесплатно	1	1	1	10		DIY/бесплатно	False	хостинг для сайта
купить домен кг	1	1	1	0	кг/kg		False	купить домен kg
регистрация домена в зоне kg	1	1	1	7	кг/kg		False	регистрация домена kg
разработка по на заказ цены	1	1	1	5			False	разработка по на заказ
заказная разработка это	1	1	1	4		определения	False	заказная разработка
автоматизация склада на базе 1с	1	1	1	11			False	автоматизация склада
учет товаров простой склад 2.0	1	1	1	18			False	учет товаров
erp система это	1	1	1	4		определения	False	erp система
сайт школы бишкек	1	1	1	0	бишкек		False	сайт для школы бишкек
сайт недвижимости для риэлторов	1	1	1	10			False	сайт для недвижимости
сайт для проверки застройщика	1	1	1	9			False	сайт для застройщика
сайт туроператора фан энд сан	1	1	1	8			False	сайт для туроператора
сайт для доставки еды	1	1	1	4			False	сайт для доставки
приложение для доставки еды	1	1	1	4			False	приложение для доставки
мобильное приложение для фермеров	1	1	1	10			False	приложение для фермеров
скачать живо для пк	1	1	1	0		шаблоны/скачать	False	приложение для животноводов
сайт для фермы раст	1	1	1	6			False	сайт для ферм
приложение для бизнеса т банк	1	1	1	7			False	приложение для бизнеса
алча девушка	1	1	1	4			False	алча дев
alpha бишкек	1	1	1	1	бишкек		False	алча бишкек
веб-студия сокол	1	1	1	6			False	веб-студия
создание сайта	1	1	2	0			False	создание сайта ош
заказать создание сайта киев	1	1	2	5			False	создание сайта заказать
создание сайта недорого для турфирмы	1	1	2	13			False	создание сайта недорого
разработка сайта краснодар	1	1	2	7			False	разработка сайта кр
разработка сайта визитки стоимость	1	1	2	8			False	разработка сайта стоимость
разработка сайта на тильде заказать	1	1	2	10			False	разработка сайта заказать
разработка сайта для строительной компании	1	1	2	22			False	разработка сайта для
сделать сайт краснодар	1	1	2	7			False	сделать сайт кр
что значит сделать сайт под ключ	1	1	2	11		определения	False	сделать сайт под ключ
сайт красный ключ	1	1	2	1			False	сайт под ключ кр
сайт визитка салона красоты	1	1	2	12			False	сайт визитка кр
заказать визитки бишкек	1	1	2	2	бишкек		False	сайт визитка заказать
лендинг крипта	1	1	2	4			False	лендинг кр
лендинг цена украина	1	1	2	8			False	лендинг цена
стоимость лендинг страницы	1	1	2	9			False	лендинг стоимость
лендинг под ключ это	1	1	2	4		определения	False	лендинг под ключ
заказать лендинг на тильде	1	1	2	10			False	лендинг заказать
лендинг для сайта	1	1	2	6			False	лендинг для
корпоративный сайт уральские авиалинии для сотрудников	1	1	2	32			False	корпоративный сайт для
интернет магазин казахстан с доставкой в россию	1	1	2	20	казахстан		False	интернет магазин кыргызстан
интернет магазин краснодар	1	1	2	7			False	интернет магазин кр
интернет магазин ош одежда	1	1	2	7	ош		False	интернет магазин ош
интернет магазин цена сайта	1	1	2	6			False	интернет магазин цена
интернет магазин рыночная стоимость	1	1	2	9			False	интернет магазин стоимость
интернет магазин читай город заказать	1	1	2	12			False	интернет магазин заказать
интернет магазин недорогой посуды	1	1	2	8			False	интернет магазин недорого
интернет магазин для животных	1	1	2	9			False	интернет магазин для
веб разработка для начинающих html и css	1	1	2	22		обучение/курсы,DIY/бесплатно	False	веб разработка для
программист казахстан	1	1	2	0	казахстан		False	программист кыргызстан
программист краснодар	1	1	2	7			False	программист кр
программист ошмяны	1	1	2	4			False	программист ош
программист услуги цена	1	1	2	7			False	программист цена
синергия программист стоимость обучения	1	1	2	18		обучение/курсы	False	программист стоимость
программист кг	1	1	2	0	кг/kg		False	программист недорого
программист для создания сайта	1	1	2	15			False	программист для
crm система салон красоты	1	1	2	11			False	crm система кр
crm система цена в казахстане	1	1	2	13	казахстан		False	crm система цена
crm система для автосервиса	1	1	2	12			False	crm система для
автоматизация бизнеса краснодар инн	1	1	2	11			False	автоматизация бизнеса кр
ai автоматизация для бизнеса	1	1	2	3			False	автоматизация бизнеса для
веб версия о кассы	1	1	2	1			False	веб приложение кр
веб приложение для ios	1	1	2	4			False	веб приложение для
мобильное приложение красноярскэнергосбыт	1	1	2	18			False	мобильное приложение кр
мобильное приложение содержит синтаксические ошибки	1	1	2	28			False	мобильное приложение ош
создать мобильное приложение цена	1	1	2	8			False	мобильное приложение цена
мобильное приложение ростелеком ключ	1	1	2	7			False	мобильное приложение под ключ
заказать мобильное приложение альфа банк	1	1	2	11			False	мобильное приложение заказать
мобильное приложение для android	1	1	2	8			False	мобильное приложение для
телеграм бот кружочки	1	1	2	6			False	телеграм бот кр
телеграм бот на заказ цена	1	1	2	9			False	телеграм бот цена
чат бот красного креста	1	1	2	13			False	чат бот кр
чат бот для макс	1	1	2	5			False	чат бот для
крутой дизайн сайта	1	1	2	4			False	дизайн сайта кр
дизайн сайта цена украина	1	1	2	8			False	дизайн сайта цена
дизайн сайта на тильде стоимость	1	1	2	10			False	дизайн сайта стоимость
заказать дизайн сайта цены	1	1	2	5			False	дизайн сайта заказать
дизайн сайта для психолога	1	1	2	10			False	дизайн сайта для
seo продвижение красноярск	1	1	2	8			False	seo продвижение кр
продвижение сайта кроссворд	1	1	2	7			False	продвижение сайта кр
создание и продвижение сайта стоимость	1	1	2	11			False	продвижение сайта стоимость
продвижение сайта самостоятельно для чайников	1	1	2	24		DIY/бесплатно	False	продвижение сайта для
сколько стоит сайт для бизнеса	1	1	2	8			False	сколько стоит сайт для
стоимость домена для сайта	1	1	2	7			False	стоимость сайта для
цена сервера для сайта	1	1	2	8			False	цена сайта для
крутой сайт на тильде	1	1	2	4			False	сайт на тильде кр
сайт ошки	1	1	2	0			False	сайт на тильде ош
как сделать сайт на тильде для телефона	1	1	2	21			False	сайт на тильде для
сделать сайт на тильда цена	1	1	2	9			False	сайт на tilda цена
сайт мусороуборочной компании краснодар	1	1	2	19			False	сайт для компании кр
сайты которые можно заработать	1	1	2	5		вакансии/работа	False	кто делает сайты недорого
как создать сайт в компьютере	1	1	2	4			False	как создать сайт под ключ
как создать сайт для бизнеса	1	1	2	8			False	как создать сайт для
как сделать сайт для приглашения на свадьбу	1	1	2	23			False	как сделать сайт для
веб студии россии	1	1	2	7			False	веб студии
создать сайт гугл	1	1	2	5			False	создать сайт
создать сайт краснодар	1	1	2	7			False	создать сайт кр
что значит создать сайт под ключ	1	1	2	11		определения	False	создать сайт под ключ
создать сайт для продажи товаров	1	1	2	16			False	создать сайт для
разработка по это	1	1	2	4		определения	False	разработка по
разработка кроссплатформенных бизнес приложений	1	1	2	31			False	разработка по кр
разработка на тему	1	1	2	0			False	разработка по недорого
разработка по для дронов	1	1	2	7			False	разработка по для
разработка программно-информационных систем	1	1	2	24			False	разработка программ
разработка программ для станков с чпу	1	1	2	14			False	разработка программ для
amocrm.ru	1	1	2	3			False	amocrm
amocrm для чего	1	1	2	5			False	amocrm для
битрикс24 скачать	1	1	2	8		шаблоны/скачать	False	битрикс24
битрикс24 краткий обзор	1	1	2	11			False	битрикс24 кр
битрикс24 ошибка 500	1	1	2	8			False	битрикс24 ош
битрикс24 цена подписки	1	1	2	9			False	битрикс24 цена
битрикс24 стоимость лицензий	1	1	2	9			False	битрикс24 стоимость
битрикс24 для windows	1	1	2	8			False	битрикс24 для
1с программа	1	1	2	10			False	1с
бишкек 1с сервис	1	1	2	7	бишкек		False	1с бишкек
1с казахстан	1	1	2	0	казахстан		False	1с кыргызстан
1с критерии отбора	1	1	2	13			False	1с кр
1с ошибки	1	1	2	4			False	1с ош
1с цена казахстан	1	1	2	10	казахстан		False	1с цена
1с стоимость итс	1	1	2	4			False	1с стоимость
настройка 1с под ключ	1	1	2	10			False	1с под ключ
как в 1с заказать справку об отсутствии задолженности	1	1	2	42			False	1с заказать
редизайн	1	1	2	0			False	редизайн сайта кр
поддержка сайта ржд	1	1	2	4			False	поддержка сайта
поддержка сайта цена в месяц	1	1	2	8			False	поддержка сайта цена
техническая поддержка сайта стоимость	1	1	2	12			False	поддержка сайта стоимость
разработчик сайтов обучение	1	1	2	9		обучение/курсы	False	разработчик сайтов
интернет магазин кыргызстана	1	1	2	0	кыргызстан		False	заказать интернет магазин кр
сайт минюста кр	1	1	2	11	кр		False	сайт
сайт бишкектеплосеть	1	1	2	9	бишкек		False	сайт бишкек
сайт кыргызстана	1	1	2	1	кыргызстан		False	сайт кыргызстан
сайт ценалом	1	1	2	3			False	сайт цена
сайт стоимость жизни в городах	1	1	2	16			False	сайт стоимость
сайт недорогой женской одежды	1	1	2	16			False	сайт недорого
webcam бишкек	1	1	2	0	бишкек		False	web студия бишкек
digital агентство вакансии	1	1	2	9		вакансии/работа	False	digital агентство
рекламное агентство казахстан	1	1	2	1	казахстан		False	digital агентство кыргызстан
рекламное агентство красноярск	1	1	2	10			False	digital агентство кр
рекламное агентство ключ железногорск	1	1	2	11			False	digital агентство под ключ
рекламное агентство для блогеров	1	1	2	11			False	digital агентство для
разработка чат бота стоимость	1	1	2	0			False	разработка telegram бота стоимость
разработка чат бота под ключ	1	1	2	0			False	разработка telegram бота под ключ
разработка чат бота для сайта образовательной организации	1	1	2	29			False	разработка telegram бота для
заказать приложение ozon	1	1	2	5			False	заказать приложение
скачать приложение бишкек водоканал	1	1	2	9	бишкек	шаблоны/скачать	False	заказать приложение бишкек
создание приложений на андроид	1	1	2	11			False	создание приложений
b2b портал это	1	1	2	4		определения	False	b2b портал
сайт каталог это	1	1	2	4		определения	False	сайт каталог
сайт крикейт каталог	1	1	2	5			False	сайт каталог кр
сайт белвест каталог с ценами	1	1	2	12			False	сайт каталог цена
личный кабинет фаберлик	1	1	2	9			False	личный кабинет
личный кабинет бишкекводоканал	1	1	2	9	бишкек		False	личный кабинет бишкек
личный кабинет кыргызстан гринлиф	1	1	2	8	кыргызстан		False	личный кабинет кыргызстан
личный кабинет круиз	1	1	2	3			False	личный кабинет кр
личный кабинет ошка	1	1	2	2			False	личный кабинет ош
личный кабинет 1с отчетность цена	1	1	2	14			False	личный кабинет цена
1с личный кабинет сотрудника стоимость	1	1	2	14			False	личный кабинет стоимость
личный кабинет ключ	1	1	2	0			False	личный кабинет под ключ
мегафон личный кабинет заказать детализацию	1	1	2	20			False	личный кабинет заказать
личный кабинет нео	1	1	2	0			False	личный кабинет недорого
личный кабинет для поступления	1	1	2	12			False	личный кабинет для
создание сайтов германия	1	1	2	7			False	создание сайтов г
создание сайтов заказы	1	1	2	5			False	создание сайтов з
создание сайтов иваново	1	1	2	6			False	создание сайтов и
создание сайтов лос анджелес	1	1	2	11			False	создание сайтов л
создание сайтов молдова	1	1	2	6			False	создание сайтов м
создание сайтов оквэд	1	1	2	4			True	создание сайтов о
создание сайтов рф	1	1	2	1			False	создание сайтов р
создание сайтов ташкент	1	1	2	6	ташкент/узб		False	создание сайтов т
создание сайтов уфа	1	1	2	2			False	создание сайтов у
создание сайтов фото	1	1	2	3			False	создание сайтов ф
создание сайтов харьков	1	1	2	6			False	создание сайтов х
создание сайтов челябинск	1	1	2	8			False	создание сайтов ч
создание сайтов шаблоны	1	1	2	6		шаблоны/скачать	False	создание сайтов ш
создание сайтов ярославль	1	1	2	8			False	создание сайтов я
разработка сайтов в ташкенте	1	1	2	9	ташкент/узб		False	разработка сайтов в
разработка сайтов гомель	1	1	2	5			False	разработка сайтов г
разработка сайтов ереван	1	1	2	5			False	разработка сайтов е
разработка сайтов иркутск	1	1	2	6			False	разработка сайтов и
разработка сайтов кишинев	1	1	2	6			False	разработка сайтов к
разработка сайтов липецк	1	1	2	5			False	разработка сайтов л
разработка сайтов минск цены	1	1	2	9	минск		False	разработка сайтов м
разработка сайтов новосибирск	1	1	2	10			True	разработка сайтов н
разработка сайтов россия	1	1	2	5			False	разработка сайтов р
разработка сайтов самара	1	1	2	5			False	разработка сайтов с
разработка сайтов тюмень	1	1	2	5			True	разработка сайтов т
разработка сайтов уфа	1	1	2	2			False	разработка сайтов у
разработка сайтов фото	1	1	2	3			False	разработка сайтов ф
разработка сайтов харьков	1	1	2	6			False	разработка сайтов х
разработка сайтов черкассы	1	1	2	7			False	разработка сайтов ч
разработка сайтов эстония	1	1	2	6			False	разработка сайтов э
разработка сайтов ялта	1	1	2	3			False	разработка сайтов я
заказать сайт алматы	1	1	2	5	алматы		False	заказать сайт а
заказать сайт берлин	1	1	2	5			False	заказать сайт б
заказать сайт гродно	1	1	2	5			False	заказать сайт г
заказать сайт рб	1	1	2	1			False	заказать сайт р
заказать сайт ташкент	1	1	2	6	ташкент/узб		False	заказать сайт т
заказать сайт у фрилансера	1	1	2	11			False	заказать сайт у
заказать сайт в харькове	1	1	2	9			False	заказать сайт х
сделать сайт алматы	1	1	2	5	алматы		False	сделать сайт а
сделать сайт бесплатно без регистрации	1	1	2	24		DIY/бесплатно	False	сделать сайт б
сделать сайт гродно	1	1	2	5			False	сделать сайт г
как сделать сайт если есть код	1	1	2	16			False	сделать сайт е
сделать сайт заказы	1	1	2	5			False	сделать сайт з
сделать сайт конструктор	1	1	2	10		DIY/бесплатно	False	сделать сайт к
сделать сайт майнкрафт	1	1	2	8			False	сделать сайт м
сделать сайт рб	1	1	2	1			False	сделать сайт р
сделать сайт таплинк	1	1	2	6			False	сделать сайт т
сделать сайт украина	1	1	2	6			False	сделать сайт у
сделать сайт фотографа	1	1	2	8			False	сделать сайт ф
сделать сайт хтмл	1	1	2	3			False	сделать сайт х
сделать сайт через нейросеть	1	1	2	14		DIY/бесплатно	False	сделать сайт ч
сайт сделать шрифт	1	1	2	4			False	сделать сайт ш
как сделать сайт на экран домой	1	1	2	17			False	сделать сайт э
сделать сайт на пром юа	1	1	2	9			False	сделать сайт ю
сделать сайт ярославль	1	1	2	8			False	сделать сайт я
сайт визитка автосервис	1	1	2	9			False	сайт визитка а
сайт визитка веб дизайнера	1	1	2	12			False	сайт визитка в
сайт визитка где сделать	1	1	2	10			False	сайт визитка г
сайт визитка дизайн	1	1	2	5			False	сайт визитка д
сайт е виза	1	1	2	0			False	сайт визитка е
визитка журнал	1	1	2	0			False	сайт визитка ж
сайт визитка инсейлс	1	1	2	6			False	сайт визитка и
сайт визитка купить	1	1	2	5			False	сайт визитка к
сайт визитка лучшие примеры	1	1	2	13		шаблоны/скачать	False	сайт визитка л
сайт визитка макет	1	1	2	4			False	сайт визитка м
сайт визитка на тильде	1	1	2	8			False	сайт визитка н
сайт визитка онлайн	1	1	2	5			False	сайт визитка о
сайт визитка репетитора	1	1	2	9			False	сайт визитка р
сайт визитка сколько стоит	1	1	2	12			False	сайт визитка с
сайт визитка таплинк	1	1	2	6			False	сайт визитка т
сайт визитка украина	1	1	2	6			False	сайт визитка у
сайт визитка хостинг	1	1	2	6			False	сайт визитка х
сайт визитка человека	1	1	2	7			False	сайт визитка ч
сайт визитка эксперта	1	1	2	7			False	сайт визитка э
создание интернет магазина алматы	1	1	2	5	алматы		False	создание интернет магазина а
создание интернет магазина беларусь	1	1	2	7			False	создание интернет магазина б
веб студия беларусь	1	1	2	7			False	веб студия б
веб студия гродно	1	1	2	5			False	веб студия г
веб студия дизайна	1	1	2	6			False	веб студия д
web lions студія звукозапису	1	1	2	16			False	веб студия з
web студия инсайт	1	1	2	5			False	веб студия и
веб студия легион	1	1	2	5			False	веб студия л
веб студия новороссийск	1	1	2	11			False	веб студия н
веб студия онлайн	1	1	2	5			False	веб студия о
веб студия питер	1	1	2	4			False	веб студия п
веб студия ростов	1	1	2	5			False	веб студия р
веб студия томск	1	1	2	4			False	веб студия т
веб студия уфа	1	1	2	2			False	веб студия у
веб студия фёрст	1	1	2	4			False	веб студия ф
веб студия харьков	1	1	2	6			False	веб студия х
веб студія це	1	1	2	1			False	веб студия ц
веб студія чернівці	1	1	2	7			False	веб студия ч
веб студия яворского	1	1	2	8			False	веб студия я
разработка мобильных приложений астана	1	1	2	5	астана		False	разработка мобильных приложений а
разработка мобильных приложений беларусь	1	1	2	7			False	разработка мобильных приложений б
разработка мобильных приложений в алматы	1	1	2	7	алматы		False	разработка мобильных приложений в
разработка мобильных приложений для доставки еды	1	1	2	15			False	разработка мобильных приложений е
разработка мобильных приложений курсы	1	1	2	4		обучение/курсы	False	разработка мобильных приложений к
разработка мобильных приложений оквэд	1	1	2	4			False	разработка мобильных приложений о
разработка мобильных приложений презентация	1	1	2	10			False	разработка мобильных приложений п
разработка мобильных приложений россия	1	1	2	5			False	разработка мобильных приложений р
разработка мобильных приложений тест	1	1	2	3			False	разработка мобильных приложений т
разработка мобильных приложений учебник	1	1	2	6			False	разработка мобильных приложений у
разработка мобильных приложений фриланс	1	1	2	6			False	разработка мобильных приложений ф
разработка мобильных приложений языки	1	1	2	4			False	разработка мобильных приложений я
сколько стоит сайт айдентика	1	1	2	8			False	сколько стоит сайт а
сколько стоит готовый сайт на тильде	1	1	2	16			False	сколько стоит сайт г
сколько стоит сайт знакомств	1	1	2	8			False	сколько стоит сайт з
сколько стоит иметь сайт	1	1	2	4			False	сколько стоит сайт и
сколько стоит сайт компании	1	1	2	7			False	сколько стоит сайт к
сколько стоит сайт онлайн	1	1	2	5			False	сколько стоит сайт о
сколько стоит сделать сайт украина	1	1	2	14			False	сколько стоит сайт у
сайт для быстрой печати на английском	1	1	2	27			False	сайт для б
сайт для валют адопт ми	1	1	2	13			False	сайт для в
сайт для глухих	1	1	2	5			False	сайт для г
сайт для доната в игры	1	1	2	12			False	сайт для д
сайт для ент	1	1	2	2			False	сайт для е
сайт для жалоб населения	1	1	2	14			False	сайт для ж
сайт для изучения английского	1	1	2	19			False	сайт для и
сайт для кубика рубика	1	1	2	12			False	сайт для к
сайт для логотипов	1	1	2	8			False	сайт для л
сайт для модов майнкрафт	1	1	2	14			False	сайт для м
сайт для номеров машин	1	1	2	12			False	сайт для н
сайт для озвучки текста	1	1	2	13			False	сайт для о
сайт для регистрации телефона	1	1	2	19			False	сайт для р
сайт для тренировки печати	1	1	2	16			False	сайт для т
сайт для удаления фона	1	1	2	12			False	сайт для у
сайт для фристайла рэп	1	1	2	12			False	сайт для ф
сайт для художников продажа картин	1	1	2	24			False	сайт для х
сайт для цветного текста майнкрафт	1	1	2	24			False	сайт для ц
сайт для чтения книг	1	1	2	10		обучение/курсы	False	сайт для ч
сайт для шахмат	1	1	2	5			False	сайт для ш
сайт для электронной подписи	1	1	2	18			False	сайт для э
сайт для ювелиров	1	1	2	7			False	сайт для ю
создание сайта астана	1	1	2	5	астана		True	создание сайта а
создание сайта вакансии	1	1	2	7		вакансии/работа	False	создание сайта в
создание сайта гродно	1	1	2	5			False	создание сайта г
создание сайта и его продвижение	1	1	2	16			False	создание сайта е
создание сайта ии бесплатно	1	1	2	11		DIY/бесплатно	False	создание сайта и
создание личного сайта	1	1	2	6			False	создание сайта л
создание сайта обучение	1	1	2	7		обучение/курсы	False	создание сайта о
создание сайта приглашения на свадьбу бесплатно	1	1	2	31		DIY/бесплатно	True	создание сайта п
создание сайта ростов на дону	1	1	2	13			False	создание сайта р
создание сайта ташкент	1	1	2	6	ташкент/узб		False	создание сайта т
создание сайта украина	1	1	2	6			False	создание сайта у
создание сайта фигма	1	1	2	4			False	создание сайта ф
создание сайта харьков	1	1	2	6			False	создание сайта х
создание сайта через нейросеть	1	1	2	14		DIY/бесплатно	False	создание сайта ч
создание сайта шопифай	1	1	2	6			False	создание сайта ш
создание сайта этапы	1	1	2	4			False	создание сайта э
создание сайта на пром юа	1	1	2	9			False	создание сайта ю
создание сайта яндекс бизнес	1	1	2	12			False	создание сайта я
сайт кгту	1	1	2	2			False	сайт кг
сайт ru	1	1	2	0			False	сайт кг
сайт kgm	1	1	2	0			False	сайт .kg
globus landing bishkek	1	1	2	8			False	лендинг бишкек
создать сайт для клиники	1	1	2	8			False	сайт для клиники
срм для магазина	1	1	2	0			False	crm для магазина
создать телеграм бот для бизнеса	1	1	2	8			False	телеграм бот для бизнеса
телеграм бот для интернет магазина	1	1	2	9			False	телеграм бот для магазина
лучшие it компании беларуси	1	1	2	9			False	лучшие it компании
топ айти компаний кыргызстана	1	1	2	2	кыргызстан		False	топ it компаний кыргызстана
скачать готовый сайт с админкой	1	1	2	16		шаблоны/скачать	False	сайт с админкой
сайт с личным кабинетом на тильде	1	1	2	10			False	сайт с личным кабинетом
оптовый интернет магазин xuping	1	1	2	7			False	оптовый интернет магазин
b2b платформа это	1	1	2	4		определения	False	b2b платформа
сколько стоит в бишкеке iphone 17 pro max	1	1	2	13	бишкек		False	сколько стоит сайт в бишкеке
сколько стоит сделать мобильное приложение	1	1	2	8			False	сколько стоит мобильное приложение
сколько стоит crm система в месяц	1	1	2	16			False	сколько стоит crm
сколько стоит интернет магазин на тильде	1	1	2	10			False	сколько стоит интернет магазин
сколько стоит лендинг на тильде	1	1	2	10			False	сколько стоит лендинг
сколько стоит разработка сайта	1	1	2	6			False	сколько стоит разработка
интеграция с 1с сбис	1	1	2	5			False	интеграция с 1с
интеграция сайта с 1с бухгалтерией	1	1	2	13			False	интеграция сайта с 1с
оплата на сайте для самозанятых	1	1	2	16			False	оплата на сайте
интернет эквайринг кыргызстан	1	1	2	9	кыргызстан		False	эквайринг кыргызстан
подключить оплату на сайте для самозанятых	1	1	2	17			False	подключить оплату на сайт
java разработчик бишкек	1	1	2	5	бишкек		False	разработчик бишкек
frontend разработчик вакансии бишкек	1	1	2	9	бишкек	вакансии/работа	False	frontend разработчик бишкек
react разработчик это	1	1	2	4		определения	False	react разработчик
next js tutorial w3schools	1	1	2	7			False	next js разработчик
фриланс бишкек работа	1	1	2	7	бишкек	вакансии/работа	False	фриланс бишкек
веб дизайнер вакансии бишкек	1	1	2	9	бишкек	вакансии/работа	False	веб дизайнер бишкек
веб дизайнер бишкек	1	1	2	2	бишкек		False	веб дизайн бишкек
ux ui дизайнер бишкек	1	1	2	2	бишкек		False	ux ui дизайн бишкек
seo аудит это	1	1	2	4		определения	False	seo аудит
доработка сайта бухгалтерский учет	1	1	2	19			False	доработка сайта
техподдержка сайта работа в россии	1	1	2	16		вакансии/работа	False	техподдержка сайта
перенос сайта с одного хостинга на другой	1	1	2	28			False	перенос сайта
хостинг для сайта это	1	1	2	4		определения	False	хостинг для сайта
купить домен в зоне kg	1	1	2	7	кг/kg		False	купить домен kg
регистрация доменов кыргызстан	1	1	2	9	кыргызстан		False	регистрация домена kg
разработка по заказать	1	1	2	0			False	разработка по на заказ
заказная разработка компании	1	1	2	9			False	заказная разработка
автоматизация склада примеры	1	1	2	8		шаблоны/скачать	False	автоматизация склада
учет товаров в розничной торговле 1с	1	1	2	24			False	учет товаров
erp система це	1	1	2	3			False	erp система
сайт 61 школы бишкек	1	1	2	0	бишкек		False	сайт для школы бишкек
сайт для покупки недвижимости	1	1	2	8			False	сайт для недвижимости
сайт застройщика пик	1	1	2	0			False	сайт для застройщика
сайт туроператора библио глобус	1	1	2	10			False	сайт для туроператора
сайт для доставки суши	1	1	2	5			False	сайт для доставки
приложение для доставки еды в китае	1	1	2	12			False	приложение для доставки
скачать личный кабинет фермера	1	1	2	7		шаблоны/скачать	False	приложение для фермеров
приложения для животных	1	1	2	0			False	приложение для животноводов
сайт для фермеров	1	1	2	4			False	сайт для ферм
приложение для бизнеса альфа банк	1	1	2	11			False	приложение для бизнеса
алчадай жүзүң мөлт эткен	1	1	2	20			False	алча
alcha hotel karakol	1	1	2	14			False	alcha
akchaba	1	1	2	0			False	alcha dev
тц алча бишкек	1	1	2	3	бишкек		False	алча бишкек
веб-студия форест	1	1	2	7			False	веб-студия
создание красивого сайта	1	1	3	7			False	создание сайта кр
создание сайта визитки недорого	1	1	3	8			False	создание сайта недорого
разработка сайта на битрикс стоимость	1	1	3	11			False	разработка сайта стоимость
разработка сайта для ресторана	1	1	3	10			False	разработка сайта для
купить сайт под ключ цена	1	1	3	7			False	сайт под ключ цена
красивый сайт визитка	1	1	3	6			False	сайт визитка кр
сколько стоят сайты визитки	1	1	3	5			False	сайт визитка стоимость
заказ визиток бишкек	1	1	3	0	бишкек		False	сайт визитка заказать
лендинги	1	1	3	1			True	лендинг
лендинг криптовалют это	1	1	3	13		определения	False	лендинг кр
лендинг цена киев	1	1	3	5			False	лендинг цена
landing page стоимость	1	1	3	5			False	лендинг стоимость
купить лендинг под ключ	1	1	3	7			False	лендинг под ключ
заказать лендинг минск	1	1	3	6	минск		False	лендинг заказать
лендинг для продажи одного товара	1	1	3	22			False	лендинг для
как скопировать landing page	1	1	3	7			False	landing page под ключ
заказать landing page в москве	1	1	3	9	москва		False	landing page заказать
корпоративный сайт заказать	1	1	3	0			False	корпоративный сайт недорого
корпоративный сайт для чего	1	1	3	5			False	корпоративный сайт для
интернет магазин кант	1	1	3	5			False	интернет магазин
интернет магазин бишкек телефоны	1	1	3	9	бишкек		False	интернет магазин бишкек
интернет магазин киргизия	1	1	3	0	кыргызстан		False	интернет магазин кыргызстан
интернет магазин кроватей	1	1	3	6			False	интернет магазин кр
интернет магазин ошибся с ценой	1	1	3	12			False	интернет магазин ош
создать интернет магазин цена	1	1	3	8			False	интернет магазин цена
интернет магазин на тильде заказать	1	1	3	10			False	интернет магазин заказать
интернет магазин недорогой мебели	1	1	3	8			False	интернет магазин недорого
интернет магазин для кондитера	1	1	3	10			False	интернет магазин для
веб разработка для детей	1	1	3	6			False	веб разработка для
программист красноярск колледж	1	1	3	16		обучение/курсы	False	программист кр
ошгу программист	1	1	3	2			False	программист ош
программист 1с цена	1	1	3	3			False	программист цена
программист 1с стоимость часа работы	1	1	3	15			False	программист стоимость
программистке	1	1	3	0			False	программист недорого
программист для создания приложения	1	1	3	20			False	программист для
crm система для салона красоты отзывы	1	1	3	23			False	crm система кр
crm система для репетитора	1	1	3	11			False	crm система для
автоматизация бизнеса краснодар отзывы	1	1	3	14			False	автоматизация бизнеса кр
автоматизация процессов для бизнеса	1	1	3	10			False	автоматизация бизнеса для
web приложение	1	1	3	0			False	веб приложение недорого
веб приложение для диплома	1	1	3	8			False	веб приложение для
скачать мобильное приложение газпром кыргызстан	1	1	3	16	кыргызстан	шаблоны/скачать	False	мобильное приложение кыргызстан
мобильное приложение крафт	1	1	3	3			False	мобильное приложение кр
мобильное приложение содержит синтаксические ошибки 1с	1	1	3	31			False	мобильное приложение ош
мобильное приложение для этрн	1	1	3	5			False	мобильное приложение для
разработка vr приложений цена	1	1	3	3			False	разработка приложений цена
телеграм кыргызстана	1	1	3	0	кыргызстан		False	телеграм бот кыргызстан
телеграм бот кредитная история	1	1	3	15			False	телеграм бот кр
чат бишкек телеграм	1	1	3	5	бишкек		False	чат бот бишкек
чат кыргызстан	1	1	3	0	кыргызстан		False	чат бот кыргызстан
чат бот красноярскэнергосбыт	1	1	3	18			False	чат бот кр
чат ош	1	1	3	0	ош		False	чат бот ош
стоимость чат бота телеграм	1	1	3	10			False	чат бот стоимость
чат бот для инстаграм	1	1	3	10			False	чат бот для
креативный дизайн сайта	1	1	3	8			False	дизайн сайта кр
дизайн одностраничного сайта цена	1	1	3	16			False	дизайн сайта цена
дизайн студии бишкек	1	1	3	0	бишкек		False	дизайн сайта стоимость
заказать дизайн сайта фриланс	1	1	3	8			False	дизайн сайта заказать
дизайн сайта для интернет магазина	1	1	3	18			False	дизайн сайта для
продвижение сайта франция цена	1	1	3	8			False	продвижение сайта цена
сколько стоит сайт для ресторана	1	1	3	10			False	сколько стоит сайт для
стоимость хостинга для сайта	1	1	3	9			False	стоимость сайта для
цена можно узнать	1	1	3	0			False	цена сайта недорого
сайт tili kg	1	1	3	0	кг/kg		False	сайт на тильде ош
многостраничный сайт на тильде цена	1	1	3	16			False	сайт на тильде цена
сайт для психолога на тильде	1	1	3	10			False	сайт на тильде для
tilda как создать сайт	1	1	3	0			False	сайт на tilda под ключ
заказать бизнес план бишкек	1	1	3	2	бишкек		False	сайт для бизнеса заказать
сайт круизной компании msc	1	1	3	6			False	сайт для компании кр
сайт для поиска работы бишкек	1	1	3	8	бишкек		False	сайт для компании для
где заказать карту мбанк	1	1	3	4			False	где заказать сайт кр
сайты похожие на лалафо	1	1	3	0			False	кто делает сайты недорого
как создать сайт для продажи товаров	1	1	3	16			False	как создать сайт для
it компании кыргызстан	1	1	3	0	кыргызстан		False	it компания кыргызстан
веб студии спб	1	1	3	4	спб		False	веб студии
создать сайт бесплатно навсегда	1	1	3	19		DIY/бесплатно	False	создать сайт
создать сайт крафтум	1	1	3	5			False	создать сайт кр
создать сайт для сервера майнкрафт	1	1	3	18			False	создать сайт для
разработка подписи	1	1	3	5			False	разработка по
разработка кроссплатформенных бизнес приложений мирэа	1	1	3	37			False	разработка по кр
разработка по для тсд	1	1	3	4			False	разработка по для
разработка программного обеспечения итмо	1	1	3	21			False	разработка программ
разработка программ для андроид	1	1	3	8			False	разработка программ для
amocrm скачать бесплатно	1	1	3	11		DIY/бесплатно,шаблоны/скачать	False	amocrm бишкек
amocrm для чайников	1	1	3	9			False	amocrm для
битрикс24 что это	1	1	3	8		определения	False	битрикс24
битрикс в кыргызстане	1	1	3	1	кыргызстан		False	битрикс24 кыргызстан
битрикс24 красноярск	1	1	3	8			False	битрикс24 кр
битрикс24 цена коробка	1	1	3	8			False	битрикс24 цена
битрикс24 стоимость внедрения	1	1	3	10			False	битрикс24 стоимость
битрикс24 для чего нужен	1	1	3	11			False	битрикс24 для
1с като	1	1	3	5			False	1с
курсы 1с бишкек	1	1	3	6	бишкек	обучение/курсы	False	1с бишкек
1с казахстан контакты	1	1	3	8	казахстан		False	1с кыргызстан
1с красноярск	1	1	3	8			False	1с кр
1с ошибка при работе с файлом	1	1	3	24			False	1с ош
1с цена в месяц	1	1	3	8			False	1с цена
1с стоимость программы	1	1	3	10			False	1с стоимость
1с ключи запуска	1	1	3	5			False	1с под ключ
как в 1с заказать справку об открытых счетах	1	1	3	33			False	1с заказать
1 с бишкек	1	1	3	0	бишкек		False	1с недорого
1с для разработчиков	1	1	3	14			False	1с для
редизайн сайта	1	1	3	0			False	редизайн сайта кр
редизайн сайта стоимость	1	1	3	5			False	редизайн сайта цена
поддержка сайта макс	1	1	3	5			False	поддержка сайта
цена поддержка	1	1	3	0			False	поддержка сайта цена
поддержка о компании	1	1	3	0			False	поддержка сайта недорого
разработчик сайтов зарплата	1	1	3	9		вакансии/работа	False	разработчик сайтов
сайт знакомств	1	1	3	10			False	сайт
сайт кыргызстана авто	1	1	3	6	кыргызстан		False	сайт кыргызстан
сайт крсу школа	1	1	3	8			False	сайт кр
сайт ошка	1	1	3	2			False	сайт ош
сайт ценалом красноярск	1	1	3	14			False	сайт цена
сайт стоимость аккаунта стим	1	1	3	14			False	сайт стоимость
сайт заказать духи	1	1	3	5			False	сайт заказать
сайт недорогой мебели	1	1	3	8			False	сайт недорого
webcam бишкек работа	1	1	3	3	бишкек	вакансии/работа	False	web студия бишкек
web studio	1	1	3	0			False	web студия для
digital агентство спб	1	1	3	4	спб		False	digital агентство
магнит рекламное агентство бишкек	1	1	3	9	бишкек		False	digital агентство бишкек
digital агентство казахстан	1	1	3	0	казахстан		False	digital агентство кыргызстан
рекламное агентство кропивницкий	1	1	3	12			False	digital агентство кр
digital агентство ключ	1	1	3	0			False	digital агентство под ключ
рекламное агентство для малышей	1	1	3	10			False	digital агентство для
разработка чат бота телеграм стоимость	1	1	3	4			False	разработка telegram бота стоимость
разработка бота для телеграм	1	1	3	0			False	разработка telegram бота для
скачать приложение бишкектеплосеть	1	1	3	8	бишкек	шаблоны/скачать	False	заказать приложение бишкек
создание приложений с ии агентами книга	1	1	3	20		обучение/курсы,DIY/бесплатно	False	создание приложений
приложения кыргызстан	1	1	3	0	кыргызстан		False	создание приложений кыргызстан
b2b порталы	1	1	3	1			False	b2b портал
b2b портал купить	1	1	3	0			False	b2b портал недорого
сайт каталог запчастей	1	1	3	10			False	сайт каталог
лента сайт каталог красноярск	1	1	3	14			False	сайт каталог кр
сайт белювелирторг каталог с ценами	1	1	3	18			False	сайт каталог цена
личный кабинет гринлиф	1	1	3	8			False	личный кабинет
tlscontact личный кабинет бишкек	1	1	3	11	бишкек		False	личный кабинет бишкек
личный кабинет казахстан	1	1	3	0	казахстан		False	личный кабинет кыргызстан
личный кабинет крымэнерго	1	1	3	8			False	личный кабинет кр
личный кабинет ошту	1	1	3	2			False	личный кабинет ош
цена личный кабинет	1	1	3	0		вход/логин	False	личный кабинет цена
личный кабинет салым	1	1	3	0			False	личный кабинет стоимость
личный кабинет ключи эп	1	1	3	0			False	личный кабинет под ключ
кфу личный кабинет заказать справку	1	1	3	12			False	личный кабинет заказать
личный кабинет неотелеком	1	1	3	2			False	личный кабинет недорого
личный кабинет для бизнеса	1	1	3	8			False	личный кабинет для
создание сайтов авито	1	1	3	4			False	создание сайтов а
создание сайтов барнаул	1	1	3	6			False	создание сайтов б
создание сайтов в праге	1	1	3	6			False	создание сайтов в
создание сайтов гродно	1	1	3	5			False	создание сайтов г
создание сайтов ижевск	1	1	3	5			False	создание сайтов и
создание сайтов казань	1	1	3	5			False	создание сайтов к
создание сайтов лендинг	1	1	3	6			False	создание сайтов л
создание сайтов могилев	1	1	3	6			False	создание сайтов м
создание сайтов онлайн	1	1	3	5			False	создание сайтов о
создание сайтов россия	1	1	3	5			False	создание сайтов р
создание сайтов тюмень	1	1	3	5			False	создание сайтов т
создание сайтов узбекистан	1	1	3	9	ташкент/узб		False	создание сайтов у
создание сайтов фигма	1	1	3	4			False	создание сайтов ф
создание сайтов чебоксары	1	1	3	8			False	создание сайтов ч
экстил создание сайтов	1	1	3	5			False	создание сайтов э
разработка сайтов абакан	1	1	3	5			False	разработка сайтов а
разработка сайтов барнаул	1	1	3	6			True	разработка сайтов б
разработка сайтов германия	1	1	3	7			False	разработка сайтов г
разработка сайтов душанбе	1	1	3	6			False	разработка сайтов д
разработка сайтов екатеринбург цены	1	1	3	16			False	разработка сайтов е
разработка сайтов казань	1	1	3	5			True	разработка сайтов к
разработка сайтов львов	1	1	3	4			False	разработка сайтов л
разработка сайтов молдова	1	1	3	6			False	разработка сайтов м
разработка сайтов нижний новгород	1	1	3	14			False	разработка сайтов н
разработка сайтов олх	1	1	3	2			False	разработка сайтов о
разработка сайтов рига	1	1	3	3			False	разработка сайтов р
разработка сайтов смоленск	1	1	3	7			False	разработка сайтов с
разработка сайтов томск	1	1	3	4			False	разработка сайтов т
разработка сайтов узбекистан	1	1	3	9	ташкент/узб		False	разработка сайтов у
феникс разработка сайтов	1	1	3	5			False	разработка сайтов ф
разработка сайтов чебоксары	1	1	3	8			False	разработка сайтов ч
разработка эффективных сайтов	1	1	3	10			False	разработка сайтов э
разработка сайтов ярославль	1	1	3	8			False	разработка сайтов я
заказать сайт авито	1	1	3	4			False	заказать сайт а
заказать сайт в бресте	1	1	3	7			False	заказать сайт в
заказать сайт гомель	1	1	3	5			False	заказать сайт г
сайт ева заказать онлайн	1	1	3	9			False	заказать сайт е
заказать сайт кишинев	1	1	3	6			False	заказать сайт к
заказать сайт приглашение	1	1	3	10			False	заказать сайт п
заказать сайт тюмень	1	1	3	5			False	заказать сайт т
заказать яндекс такси бишкек	1	1	3	13	бишкек		False	заказать сайт я
сделать сайт автозапчастей	1	1	3	12			False	сделать сайт а
сделать сайт быстро	1	1	3	5			False	сделать сайт б
сделать сайт гомель	1	1	3	5			False	сделать сайт г
как сделать сайт если есть домен	1	1	3	18			False	сделать сайт е
сделать сайт заказать	1	1	3	7			False	сделать сайт з
сделать сайт киев	1	1	3	3			False	сделать сайт к
сделать сайт легко	1	1	3	4			False	сделать сайт л
сделать сайт одностраничник	1	1	3	13			False	сделать сайт о
сделать сайт приглашение	1	1	3	10			False	сделать сайт п
сделать сайт россия	1	1	3	5			False	сделать сайт р
сделать сайт с помощью ии бесплатно	1	1	3	21		DIY/бесплатно	True	сделать сайт с
сделать сайт т банк	1	1	3	5			False	сделать сайт т
сделать сайт фигма	1	1	3	4			False	сделать сайт ф
как сделать сайт художнику	1	1	3	12			False	сделать сайт х
сделать сайт через ии бесплатно	1	1	3	17		DIY/бесплатно	False	сделать сайт ч
сделать сайт на шопифай	1	1	3	9			False	сделать сайт ш
как сделать сайт на экран домой айфон	1	1	3	23			False	сделать сайт э
как сделать сайт ярлыком на рабочем столе	1	1	3	27			False	сделать сайт я
сайт визитка алматы	1	1	3	5	алматы		False	сайт визитка а
сайт визитка графического дизайнера	1	1	3	21			False	сайт визитка г
сайт визитка дизайнера	1	1	3	8			False	сайт визитка д
сайт е виза кр	1	1	3	0	кр		False	сайт визитка е
сайт візитка замовити	1	1	3	7			False	сайт визитка з
сайт візитка лікаря	1	1	3	5			False	сайт визитка л
сайт визитка мастера маникюра	1	1	3	15			False	сайт визитка м
сайт визитка образец	1	1	3	6			False	сайт визитка о
сайт визитка по английски	1	1	3	11			False	сайт визитка п
сайт визитка риэлтора	1	1	3	7			False	сайт визитка р
сайт визитка тильда примеры	1	1	3	13		шаблоны/скачать	False	сайт визитка т
сайт визитка человека пример	1	1	3	14		шаблоны/скачать	False	сайт визитка ч
сайт визитка это нма	1	1	3	6		определения	False	сайт визитка э
создание и продвижение интернет магазина	1	1	3	12			False	создание интернет магазина и
веб студия апельсин	1	1	3	7			False	веб студия а
веб студия барбарис	1	1	3	7			False	веб студия б
веб студия варшава	1	1	3	6			False	веб студия в
веб студия девять квадратов	1	1	3	15			False	веб студия д
веб студія львів	1	1	3	4			False	веб студия л
веб студия нижний новгород	1	1	3	14			False	веб студия н
веб студия одесса	1	1	3	5			False	веб студия о
веб студия по созданию сайтов	1	1	3	17			False	веб студия п
веб студия разработки	1	1	3	9			False	веб студия р
веб студия тильда	1	1	3	5			False	веб студия т
веб студия фрейм	1	1	3	4			False	веб студия ф
веб студия челябинск	1	1	3	8			False	веб студия ч
веб студия яр	1	1	3	1			False	веб студия я
разработка crm системы под ключ	1	1	3	15			False	разработка crm с
разработка мобильных приложений авито	1	1	3	4			False	разработка мобильных приложений а
разработка мобильных приложений в ташкенте	1	1	3	9	ташкент/узб		False	разработка мобильных приложений в
разработка мобильных приложений книга	1	1	3	4		обучение/курсы	False	разработка мобильных приложений к
разработка мобильных приложений на flutter	1	1	3	9			False	разработка мобильных приложений н
разработка мобильных приложений онлайн	1	1	3	5			False	разработка мобильных приложений о
разработка мобильных приложений работа	1	1	3	5		вакансии/работа	False	разработка мобильных приложений р
разработка мобильных приложений с нуля	1	1	3	5		обучение/курсы	False	разработка мобильных приложений с
сколько стоит арендовать сайт	1	1	3	9			False	сколько стоит сайт а
сколько стоит сайт за рубежом	1	1	3	9			False	сколько стоит сайт з
сколько стоит изготовить сайт	1	1	3	9			False	сколько стоит сайт и
сколько стоит купить сайт	1	1	3	5			False	сколько стоит сайт к
сколько стоит одностраничный сайт на тильде	1	1	3	23			False	сколько стоит сайт о
сайт для абитуриентов бишкек	1	1	3	18	бишкек		False	сайт для а
сайт для бронирования отелей	1	1	3	18			False	сайт для б
сайт для вишлиста	1	1	3	7			False	сайт для в
сайт для голосования онлайн	1	1	3	17			False	сайт для г
сайт для дизайнеров	1	1	3	9			False	сайт для д
сайт для електронного підпису	1	1	3	19			False	сайт для е
сайт для женщин	1	1	3	5			False	сайт для ж
сайт для записи к врачу	1	1	3	13			False	сайт для з
сайт для измерения роста	1	1	3	14			False	сайт для и
сайт для красивых шрифтов	1	1	3	15			False	сайт для к
сайт для логопедов	1	1	3	8			False	сайт для л
сайт для майнкрафта	1	1	3	9			False	сайт для м
сайт для настройки роутера	1	1	3	16			False	сайт для н
сайт для просмотра фильмов вместе	1	1	3	23			False	сайт для п
сайт для регистрации в университет	1	1	3	24		обучение/курсы	False	сайт для р
сайт для тюнинга авто	1	1	3	11			False	сайт для т
сайт для удаления водяных знаков	1	1	3	22			False	сайт для у
сайт для футбола	1	1	3	6			False	сайт для ф
сайт для художников с позами	1	1	3	18			False	сайт для х
сайт для цветовой палитры	1	1	3	15			False	сайт для ц
сайт для чтения	1	1	3	5			False	сайт для ч
сайт для шрифтов текста	1	1	3	13			False	сайт для ш
сайт для электриков	1	1	3	9			False	сайт для э
сайт юрист для людей	1	1	3	10			False	сайт для ю
сайт для изучения языков программирования	1	1	3	31			False	сайт для я
создание сайта авито	1	1	3	4			False	создание сайта а
создание сайта в фигме	1	1	3	6			True	создание сайта в
создание сайта гугле бесплатно	1	1	3	14		DIY/бесплатно	False	создание сайта г
создание сайта днепр	1	1	3	4			False	создание сайта д
создание сайта доставки еды	1	1	3	11			False	создание сайта е
создание сайта иркутск	1	1	3	6			False	создание сайта и
создание сайта кишинев	1	1	3	6			False	создание сайта к
создание локального сайта	1	1	3	9			False	создание сайта л
создание сайта на tilda	1	1	3	7			False	создание сайта н
создание сайта одностраничника	1	1	3	14			False	создание сайта о
создание сайта приглашения	1	1	3	10			False	создание сайта п
создание сайта расценки	1	1	3	7			False	создание сайта р
создание сайта точка банк	1	1	3	9			False	создание сайта т
создание сайта уфа	1	1	3	2			False	создание сайта у
создание сайта фото	1	1	3	3			False	создание сайта ф
создание сайта хтмл	1	1	3	3			False	создание сайта х
создание сайта через блокнот	1	1	3	12			False	создание сайта ч
создание шапки сайта html	1	1	3	9		DIY/бесплатно	False	создание сайта ш
создание сайта это	1	1	3	2		определения	False	создание сайта э
юкос создание сайта	1	1	3	3			False	создание сайта ю
создание сайта яндекс кит	1	1	3	9			False	создание сайта я
сайт кыргызстан авто	1	1	3	5	кыргызстан		False	сайт кыргызстан
сайт ru store	1	1	3	6			False	сайт кг
http://bishkek.website	1	1	3	8			False	хостинг бишкек
сайт клиники мешалкина	1	1	3	6			False	сайт для клиники
crm для арендного бизнеса	1	1	3	10			False	crm для бизнеса
crm для магазина автозапчастей	1	1	3	14			False	crm для магазина
телеграм чат бот для бизнеса	1	1	3	4			False	телеграм бот для бизнеса
как создать телеграм бот для интернет магазина	1	1	3	21			False	телеграм бот для магазина
разработка телеграм бота на python	1	1	3	10		DIY/бесплатно	False	разработка телеграм бота
создание телеграм бота c#	1	1	3	3			False	создание телеграм бота
лучшие it компании россии для работы	1	1	3	18			False	лучшие it компании
it компании кыргызстана	1	1	3	0	кыргызстан		False	топ it компаний кыргызстана
сайт администрации президента кыргызской республики	1	1	3	36			False	сайт с админкой
создать сайт с личным кабинетом	1	1	3	8			False	сайт с личным кабинетом
b2b hobbypark	1	1	3	0			False	b2b интернет магазин
оптовый интернет магазин topsto	1	1	3	7			False	оптовый интернет магазин
b2b платформа украина	1	1	3	8			False	b2b платформа
сколько стоит в бишкеке доллар	1	1	3	2	бишкек		False	сколько стоит сайт в бишкеке
сколько стоит заказать мобильное приложение	1	1	3	9			False	сколько стоит мобильное приложение
сколько стоит crm битрикс	1	1	3	8			False	сколько стоит crm
сколько стоит интернет магазин на wordpress	1	1	3	13			False	сколько стоит интернет магазин
сколько стоит лендинг у фрилансера	1	1	3	13			False	сколько стоит лендинг
сколько стоит разработка приложения	1	1	3	11			False	сколько стоит разработка
интеграция с 1с документооборотом	1	1	3	18			False	интеграция с 1с
оплата на сайте турецких авиалиний	1	1	3	19			False	оплата на сайте
эквайринг кыргызстан	1	1	3	4	кыргызстан		False	эквайринг бишкек
онлайн эквайринг кыргызстан	1	1	3	7	кыргызстан		False	эквайринг кыргызстан
как подключить оплату на сайт без ип	1	1	3	11			False	подключить оплату на сайт
junior frontend разработчик вакансии бишкек	1	1	3	16	бишкек	вакансии/работа	False	frontend разработчик бишкек
react разработчик вакансии удаленно	1	1	3	18		вакансии/работа	False	react разработчик
next js уроки	1	1	3	0		обучение/курсы	False	next js разработчик
фриланс бишкек тг	1	1	3	3	бишкек		False	фриланс бишкек
ux ui бишкек	1	1	3	0	бишкек		False	ux ui дизайн бишкек
seo аудит сайта	1	1	3	6			False	seo аудит
доработка сайта на laravel	1	1	3	11			False	доработка сайта
техподдержка сайта ис эсф	1	1	3	7			False	техподдержка сайта
перенос сайта wordpress на другой хостинг	1	1	3	28			False	перенос сайта
хостинг для сайта купить	1	1	3	7			False	хостинг для сайта
купить домен кр	1	1	3	0	кр		False	купить домен kg
разработка электроники на заказ	1	1	3	9			False	разработка по на заказ
заказная разработка на английском	1	1	3	14			False	заказная разработка
разработка мобильного приложения бишкек	1	1	3	0	бишкек		False	разработка программного обеспечения бишкек
автоматизация склада под ключ	1	1	3	9			False	автоматизация склада
учет товаров по рнпт	1	1	3	8			False	учет товаров
erp система это простыми словами	1	1	3	21		определения	False	erp система
сайт 26 школы бишкек	1	1	3	0	бишкек		False	сайт для школы бишкек
сайт для поиска недвижимости	1	1	3	7			False	сайт для недвижимости
сайт застройщика самолет	1	1	3	4			False	сайт для застройщика
сайт туроператора пегас	1	1	3	2			False	сайт для туроператора
сайт для доставки цветов	1	1	3	7			False	сайт для доставки
приложение для доставки цветов	1	1	3	7			False	приложение для доставки
фермер кж скачать	1	1	3	0		шаблоны/скачать	False	приложение для фермеров
скачать приложение животные	1	1	3	0		шаблоны/скачать	False	приложение для животноводов
сайт для создания фермы стардью	1	1	3	18			False	сайт для ферм
приложение для бизнеса тинькофф	1	1	3	9			False	приложение для бизнеса
алча фото	1	1	3	5			False	алча
alcha hotel каракол отзывы	1	1	3	21			False	alcha
alcha i	1	1	3	0			False	alcha dev
жк арча бишкек	1	1	3	3	бишкек		False	алча бишкек
веб-студия сокол отзывы	1	1	3	13			False	веб-студия
создание сайта для салона красоты	1	1	4	16			False	создание сайта кр
разработка сайта интернет магазина стоимость	1	1	4	18			False	разработка сайта стоимость
разработка сайта для доставки еды	1	1	4	13			False	разработка сайта для
сделать красивый сайт	1	1	4	6			False	сделать сайт кр
визит кыргызстан	1	1	4	0	кыргызстан		False	сайт визитка кыргызстан
крутой сайт визитка	1	1	4	4			False	сайт визитка кр
лендинг красивый	1	1	4	6			False	лендинг кр
создать лендинг стоимость	1	1	4	8			False	лендинг стоимость
сайт лендинг под ключ	1	1	4	5			False	лендинг под ключ
заказать лендинг украина	1	1	4	8			False	лендинг заказать
лендинг для книги	1	1	4	6		обучение/курсы	False	лендинг для
корпоративный сайт тэц	1	1	4	0			False	корпоративный сайт для
интернет магазины кыргызстана	1	1	4	13	кыргызстан		False	интернет магазин
интернет магазин бишкек платья	1	1	4	7	бишкек		False	интернет магазин бишкек
интернет магазин казахстан одежда	1	1	4	6	казахстан		False	интернет магазин кыргызстан
интернет магазин красавита	1	1	4	7			False	интернет магазин кр
интернет магазин супер цена	1	1	4	6			False	интернет магазин цена
oz by интернет магазин заказать	1	1	4	6			False	интернет магазин заказать
интернет магазин недорогой женской одежды	1	1	4	16			False	интернет магазин недорого
интернет магазин для маникюра	1	1	4	9			False	интернет магазин для
веб-разработка для начинающих html и css stepik	1	1	4	29		обучение/курсы,DIY/бесплатно	False	веб разработка для
известный программист в кыргызстане	1	1	4	13	кыргызстан		False	программист кыргызстан
программист кроссворд	1	1	4	7			False	программист кр
ошту программист	1	1	4	2			False	программист ош
программист 1с обучение цена	1	1	4	12		обучение/курсы	False	программист цена
1с программист стоимость часа	1	1	4	8			False	программист стоимость
программист для телефона	1	1	4	9			False	программист для
crm система бесплатно для салона красоты	1	1	4	26		DIY/бесплатно	False	crm система кр
crm система для риелторов	1	1	4	10			False	crm система для
автоматизация бизнеса краснодар вакансии	1	1	4	16		вакансии/работа	False	автоматизация бизнеса кр
веб камеры кр	1	1	4	0	кр		False	веб приложение кр
веб сайт и веб приложение	1	1	4	2			False	веб приложение недорого
веб приложение для айфона альфа банк	1	1	4	18			False	веб приложение для
мобильное приложение кредит европа банк	1	1	4	16			False	мобильное приложение кр
мобильное приложение для водителей контур логистика	1	1	4	27			False	мобильное приложение для
telegram кыргызстан	1	1	4	0	кыргызстан		False	телеграм бот кыргызстан
телеграм бот криптообменник	1	1	4	12			False	телеграм бот кр
телеграм бот автопродаж php	1	1	4	6			False	телеграм бот под ключ
телеграм не работает бишкек	1	1	4	6	бишкек	вакансии/работа	False	телеграм бот недорого
чат бишкек тг	1	1	4	0	бишкек		False	чат бот бишкек
чат кыргызстан телеграм	1	1	4	5	кыргызстан		False	чат бот кыргызстан
чат бот крымгазсети	1	1	4	9			False	чат бот кр
чат бот для записи к врачу	1	1	4	15			False	чат бот для
красивый дизайн сайта примеры	1	1	4	14		шаблоны/скачать	False	дизайн сайта кр
дизайн многостраничного сайта цена	1	1	4	17			False	дизайн сайта цена
заказать дизайн сайта киев	1	1	4	5			False	дизайн сайта заказать
дизайн сайта для новичков	1	1	4	9			False	дизайн сайта для
продвижение сайта визитки цена	1	1	4	8			False	продвижение сайта цена
сколько стоит под ключ	1	1	4	0			False	сколько стоит сайт под ключ
сколько стоит сайт для стоматологии	1	1	4	13			False	сколько стоит сайт для
стоимость баннера для сайта	1	1	4	8			False	стоимость сайта для
тильда сайт создать	1	1	4	0			False	сайт на tilda кыргызстан
поддръжка на wordpress сайт цена	1	1	4	10			False	сайт на wordpress цена
сайт транспортной компании краснодар	1	1	4	16			False	сайт для компании кр
где купить креатин в бишкеке	1	1	4	8	бишкек		False	где заказать сайт кр
кто хочет заказать	1	1	4	0			False	кто делает сайты недорого
как создать сайт обменник криптовалют	1	1	4	18			False	как создать сайт кр
как создать сайт для фотографа	1	1	4	10			False	как создать сайт для
как сделать сайт для интернет магазина	1	1	4	18			False	как сделать сайт для
веб студии самара	1	1	4	7			False	веб студии
создать сайт приглашение на свадьбу бесплатно	1	1	4	33		DIY/бесплатно	False	создать сайт
создать почту кыргызстан	1	1	4	1	кыргызстан		False	создать сайт кыргызстан
сайт создать кроссворд	1	1	4	7			False	создать сайт кр
создать сайт для продаж бесплатно	1	1	4	17		DIY/бесплатно	False	создать сайт для
разработка по итмо	1	1	4	5			False	разработка по
разработка кыргызча	1	1	4	3			False	разработка по ош
разработка по для бпла	1	1	4	5			False	разработка по для
разработка программных модулей	1	1	4	11			False	разработка программ
разработка программ для плк	1	1	4	4			False	разработка программ для
amocrm скачать	1	1	4	8		шаблоны/скачать	False	amocrm
amocrm для агентства недвижимости	1	1	4	23			False	amocrm для
битрикс24 кз	1	1	4	3	кз/kz		False	битрикс24
битрикс24 краснодар	1	1	4	7			False	битрикс24 кр
битрикс24 маркетплейс цена	1	1	4	12			False	битрикс24 цена
битрикс24 стоимость коробки	1	1	4	8			False	битрикс24 стоимость
битрикс24 для строительной компании	1	1	4	22			False	битрикс24 для
1с бухгалтерия	1	1	4	12			False	1с
1с казахстан скачать	1	1	4	7	казахстан	шаблоны/скачать	False	1с кыргызстан
1с кредит	1	1	4	4			False	1с кр
1с ошибкахранимыхданных	1	1	4	18			False	1с ош
1с цена включает ндс	1	1	4	13			False	1с цена
1с стоимость часа	1	1	4	5			False	1с стоимость
1с ключ обновление информационной базы	1	1	4	27			False	1с под ключ
1с като фреш	1	1	4	1			False	1с недорого
1с для ип	1	1	4	3			False	1с для
редизайн сайта с помощью ии	1	1	4	13		DIY/бесплатно	False	редизайн сайта
поддержка сайта одноклассники	1	1	4	14			False	поддержка сайта
служба поддержки покупателя	1	1	4	3			False	поддержка сайта недорого
разработчик сайтов найти	1	1	4	6			False	разработчик сайтов
разработчик бишкек	1	1	4	0	бишкек		False	разработчик сайтов под ключ
заказать в кыргызстане	1	1	4	0	кыргызстан		False	заказать интернет магазин кр
сайт налоговой	1	1	4	10			False	сайт
сайт бишкекского городского кенеша	1	1	4	23	бишкек		False	сайт бишкек
сайт кремля	1	1	4	4			False	сайт кр
сайт ошгу медфак	1	1	4	9			False	сайт ош
сайт ценалом кызыл	1	1	4	9			False	сайт цена
сайт стоимость жизни	1	1	4	6			False	сайт стоимость
сайт недорогой одежды	1	1	4	8			False	сайт недорого
webcam bishkek	1	1	4	0			False	web студия бишкек
digital агентство rta	1	1	4	4			False	digital агентство
рекламное агентство креатив	1	1	4	7			False	digital агентство кр
digital оператор	1	1	4	0			False	digital агентство ош
рекламное агентство горячий ключ	1	1	4	6			False	digital агентство под ключ
рекламное агентство для стримеров	1	1	4	12			False	digital агентство для
разработка бота для telegram	1	1	4	0			False	разработка telegram бота для
мой город скачать приложение бишкек	1	1	4	9	бишкек	шаблоны/скачать	False	заказать приложение бишкек
заказ с китая приложение	1	1	4	0			False	заказать приложение заказать
заказать приложение для телефона	1	1	4	9			False	заказать приложение для
создание приложений с помощью ии	1	1	4	13		DIY/бесплатно	False	создание приложений
создание клиента гик	1	1	4	0			False	создание приложений под ключ
создание приложений для windows	1	1	4	8			False	создание приложений для
b2b портал мегафон	1	1	4	8			False	b2b портал
b2n in	1	1	4	0			False	b2b портал недорого
сайт каталог одежды москва	1	1	4	14	москва		False	сайт каталог
аскона официальный сайт каталог кровати	1	1	4	24			False	сайт каталог кр
личный кабинет гик	1	1	4	4			False	личный кабинет
эрсаг личный кабинет бишкек	1	1	4	6	бишкек		False	личный кабинет бишкек
личный кабинет казахстан темир жолы	1	1	4	10	казахстан		False	личный кабинет кыргызстан
личный кабинет крымтеплокоммунэнерго	1	1	4	19			False	личный кабинет кр
личный кабинет ошэлектро	1	1	4	7			False	личный кабинет ош
1с личный кабинет сотрудника цена	1	1	4	14			False	личный кабинет цена
личный кабинет сомо	1	1	4	0			False	личный кабинет стоимость
личный кабинет серебряный ключ	1	1	4	7			False	личный кабинет под ключ
билайн личный кабинет заказать сим карту	1	1	4	17			False	личный кабинет заказать
личный кабинет для ип	1	1	4	3			False	личный кабинет для
создание сайтов в астане	1	1	4	7	астана		False	создание сайтов в
создание сайтов гомель	1	1	4	5			False	создание сайтов г
создание сайтов дизайн	1	1	4	5			False	создание сайтов д
создание сайтов иркутск	1	1	4	6			False	создание сайтов и
создание сайтов купить	1	1	4	5			False	создание сайтов к
создание сайтов львов	1	1	4	4			False	создание сайтов л
создание сайтов минск беларусь	1	1	4	13	минск		False	создание сайтов м
создание сайтов новосибирск	1	1	4	10			True	создание сайтов н
создание сайтов одесса	1	1	4	5			False	создание сайтов о
создание сайтов рб	1	1	4	1			False	создание сайтов р
создание сайтов сочи	1	1	4	3			False	создание сайтов с
создание сайтов точка	1	1	4	4			False	создание сайтов т
создание сайтов улан удэ	1	1	4	7			False	создание сайтов у
создание сайтов форум	1	1	4	4			False	создание сайтов ф
создание сайтов челны	1	1	4	4			False	создание сайтов ч
разработка сайтов актобе	1	1	4	5			False	разработка сайтов а
разработка сайтов брест	1	1	4	4			False	разработка сайтов б
разработка веб сайтов гусаров	1	1	4	10			False	разработка сайтов г
разработка сайтов дубай	1	1	4	4			False	разработка сайтов д
разработка сайтов ии	1	1	4	1		DIY/бесплатно	False	разработка сайтов и
разработка сайтов лида	1	1	4	3			False	разработка сайтов л
разработка сайтов могилев	1	1	4	6			False	разработка сайтов м
разработка сайтов на tilda	1	1	4	7			False	разработка сайтов н
разработка сайтов одесса	1	1	4	5			False	разработка сайтов о
разработка сайтов рб	1	1	4	1			False	разработка сайтов р
разработка сайтов симферополь	1	1	4	10			False	разработка сайтов с
разработка сайтов тильда	1	1	4	5			False	разработка сайтов т
разработка сайтов улан удэ	1	1	4	7			False	разработка сайтов у
фронтенд разработка сайтов	1	1	4	7			False	разработка сайтов ф
разработка сайтов челны	1	1	4	4			False	разработка сайтов ч
разработка веб сайтов это	1	1	4	6		определения	False	разработка сайтов э
яндекс разработка сайтов	1	1	4	5			False	разработка сайтов я
заказать сайт в анапе	1	1	4	6			False	заказать сайт а
заказать сайт брест	1	1	4	4			False	заказать сайт б
заказать сайт в алматы	1	1	4	7	алматы		False	заказать сайт в
заказать готовый сайт	1	1	4	6			False	заказать сайт г
сайт ева заказать	1	1	4	2			False	заказать сайт е
заказать запчасти бишкек	1	1	4	9	бишкек		False	заказать сайт з
apteka ru сайт заказать лекарство	1	1	4	18			False	заказать сайт л
заказать сайт молдова	1	1	4	6			False	заказать сайт м
заказать сайт нью йорк	1	1	4	7			False	заказать сайт н
заказать сайт томск	1	1	4	4			False	заказать сайт т
заказать шоро	1	1	4	0			False	заказать сайт ш
заказать онлайн такси яндекс	1	1	4	13			False	заказать сайт я
сделать сайт астана	1	1	4	5	астана		False	сделать сайт а
сделать сайт в тильде	1	1	4	7			False	сделать сайт в
сайт сделать гифку	1	1	4	4			False	сделать сайт г
как сделать сайт знакомств	1	1	4	12			False	сделать сайт з
сделать сайт из сообщества вк	1	1	4	15			False	сделать сайт и
сделать сайт калининград	1	1	4	10			False	сделать сайт к
сайт сделать логотип	1	1	4	6			False	сделать сайт л
сделать сайт меню	1	1	4	3			False	сделать сайт м
сделать сайт открытку	1	1	4	7			False	сделать сайт о
сделать сайт резюме	1	1	4	5		вакансии/работа	False	сделать сайт р
сделать сайт с ии	1	1	4	3		DIY/бесплатно	False	сделать сайт с
сделать сайт тюмень	1	1	4	5			False	сделать сайт т
сайт сделать фоторобот	1	1	4	8			False	сделать сайт ф
сделать сайт на хорошоп	1	1	4	9			False	сделать сайт х
сделать сайт через код	1	1	4	8			False	сделать сайт ч
как сделать сайт школы	1	1	4	8			False	сделать сайт ш
как сделать сайт ярлыком	1	1	4	10			False	сделать сайт я
сайт визитка адама	1	1	4	4			False	сайт визитка а
сайт визитка грузоперевозки	1	1	4	13			False	сайт визитка г
сайт электронной визы	1	1	4	7			False	сайт визитка е
сайт візитка зразок	1	1	4	5			False	сайт визитка з
сайт визитка ии	1	1	4	1		DIY/бесплатно	False	сайт визитка и
сайт визитка как сделать	1	1	4	10			False	сайт визитка к
сайт визитка минск	1	1	4	4	минск		False	сайт визитка м
сайт визитка от нейросети	1	1	4	11		DIY/бесплатно	False	сайт визитка о
сайт визитка резюме	1	1	4	5		вакансии/работа	False	сайт визитка р
сайт визитка ташкент	1	1	4	6	ташкент/узб		False	сайт визитка т
сайт визитка фигма	1	1	4	4			False	сайт визитка ф
сайт візитка ціна	1	1	4	3			False	сайт визитка ц
сайт визитка шаблон скачать	1	1	4	13		шаблоны/скачать	False	сайт визитка ш
создание интернет магазина стоимость	1	1	4	8			False	создание интернет магазина с
веб студия астана	1	1	4	5	астана		False	веб студия а
веб студия бобо	1	1	4	3			False	веб студия б
веб студия воронеж	1	1	4	6			False	веб студия в
студия ивеб	1	1	4	0			False	веб студия и
веб студия молния	1	1	4	5			False	веб студия м
artmebius веб студия нижний новгород отзывы	1	1	4	31			False	веб студия н
веб студия оригами	1	1	4	6			False	веб студия о
веб студия россия	1	1	4	5			False	веб студия р
веб студия симферополь	1	1	4	10			False	веб студия с
веб студия тюмень	1	1	4	5			False	веб студия т
веб студія івано франківськ	1	1	4	15			False	веб студия ф
разработка мобильных приложений в казахстане	1	1	4	11	казахстан		False	разработка мобильных приложений в
разработка мобильных приложений казань	1	1	4	5			False	разработка мобильных приложений к
разработка мобильных приложений под android	1	1	4	10			False	разработка мобильных приложений п
разработка мобильных приложений спб	1	1	4	2	спб		False	разработка мобильных приложений с
федотенко разработка мобильных приложений pdf	1	1	4	12			False	разработка мобильных приложений ф
мобильное разработка	1	1	4	0			False	разработка мобильных приложений э
сколько стоит создать сайт агрегатор	1	1	4	16			False	сколько стоит сайт а
сколько стоит интернет сайт	1	1	4	7			False	сколько стоит сайт и
сайт для анимации	1	1	4	7			False	сайт для а
сайт для бюджетних установ	1	1	4	16			False	сайт для б
сайт для валют мм2	1	1	4	8			False	сайт для в
сайт для годли в мм2	1	1	4	10			False	сайт для г
сайт для дизайна	1	1	4	6			False	сайт для д
сайт для результатов егэ	1	1	4	14			False	сайт для е
сайт для животных	1	1	4	7			False	сайт для ж
сайт для заработка денег для школьников	1	1	4	29			False	сайт для з
сайт для карточек товара	1	1	4	14			False	сайт для к
сайт для лайтматики	1	1	4	9			False	сайт для л
сайт для малышей	1	1	4	6			False	сайт для м
сайт для нарезки видео на шортс	1	1	4	21			False	сайт для н
сайт для озвучки текста голосами персонажей	1	1	4	33			False	сайт для о
сайт для резюме	1	1	4	5		вакансии/работа	False	сайт для р
сайт для сравнения роста	1	1	4	14			False	сайт для с
сайт для тир листов	1	1	4	9			False	сайт для т
сайт для улучшения качества видео	1	1	4	23			False	сайт для у
сайт для фэнтези дота 2	1	1	4	13			False	сайт для ф
сайт для хранения фото	1	1	4	12			False	сайт для х
сайт для чтения манги	1	1	4	11			False	сайт для ч
сайт для шифрования текста	1	1	4	16			False	сайт для ш
сайт для экскурсий	1	1	4	8		обучение/курсы	False	сайт для э
сайт для пополнения юси	1	1	4	13			False	сайт для ю
создание сайта автозапчастей	1	1	4	12			False	создание сайта а
создание сайта бесплатно конструктор	1	1	4	20		DIY/бесплатно	False	создание сайта б
создание сайта в гугл	1	1	4	5			False	создание сайта в
создание сайта германия	1	1	4	7			False	создание сайта г
создание сайта ии онлайн	1	1	4	8		DIY/бесплатно	False	создание сайта и
создание лендинг сайта с нуля	1	1	4	13		обучение/курсы	False	создание сайта л
создание сайта на python django с нуля	1	1	4	22		обучение/курсы,DIY/бесплатно	False	создание сайта н
создание сайта олх	1	1	4	2			False	создание сайта о
создание сайта по шаблону	1	1	4	9		шаблоны/скачать	False	создание сайта п
создание сайта рязань	1	1	4	5			False	создание сайта р
создание сайта сколько стоит	1	1	4	12			False	создание сайта с
создание сайта т банк	1	1	4	5			False	создание сайта т
создание сайта уроки	1	1	4	4		обучение/курсы	False	создание сайта у
создание сайта фанпей	1	1	4	5			False	создание сайта ф
создание сайта хостинг	1	1	4	6			False	создание сайта х
создание сайта через html	1	1	4	9		DIY/бесплатно	False	создание сайта ч
создание шапки сайта	1	1	4	4			False	создание сайта ш
создание сайта это нма	1	1	4	6		определения	False	создание сайта э
создание ярлыка сайта на рабочем столе	1	1	4	22			False	создание сайта я
айти компании в бишкеке	1	1	4	3	бишкек		False	айти компании бишкек
сайт кгма для абитуриентов	1	1	4	19			False	сайт кг
сайт ru id	1	1	4	3			False	сайт кг
сайт kgd	1	1	4	0			False	сайт .kg
сайт migrant kg	1	1	4	7	кг/kg		False	сайт .kg
the host bishkek	1	1	4	2			False	хостинг бишкек
мобильное приложение бишкек петролеум	1	1	4	10	бишкек		False	мобильное приложение бишкек
сайт клиники мешалкина новосибирск	1	1	4	18			False	сайт для клиники
crm для оконного бизнеса	1	1	4	9			False	crm для бизнеса
дизайн сайта ии	1	1	4	3		DIY/бесплатно	False	дизайн сайта
интернет подключение бишкек	1	1	4	0	бишкек		False	интернет магазин под ключ бишкек
лучшая crm для малого бизнеса	1	1	4	7			False	crm для малого бизнеса
crm для магазина косметики	1	1	4	10			False	crm для магазина
бот не поддерживает телеграм для бизнеса	1	1	4	16			False	телеграм бот для бизнеса
бот для создания магазина телеграм	1	1	4	9			False	телеграм бот для магазина
разработка телеграм бота на заказ	1	1	4	9			False	разработка телеграм бота
создание телеграм бота конструктор	1	1	4	12		DIY/бесплатно	False	создание телеграм бота
лучшие it компании россии по зарплате	1	1	4	19		вакансии/работа	False	лучшие it компании
сайт администрация президента кр	1	1	4	17	кр		False	сайт с админкой
оптовый интернет магазин big opt	1	1	4	8			False	оптовый интернет магазин
b2b платформа кифа	1	1	4	5			False	b2b платформа
сколько стоит в бишкеке однокомнатная квартира	1	1	4	18	бишкек		False	сколько стоит сайт в бишкеке
сколько стоит создать мобильное приложение в казахстане	1	1	4	21	казахстан		False	сколько стоит мобильное приложение
сколько стоит разработка crm системы	1	1	4	19			False	сколько стоит crm
сколько стоит интернет магазин в украине	1	1	4	10			False	сколько стоит интернет магазин
сколько стоит лендинг 2025	1	1	4	5			False	сколько стоит лендинг
сколько стоит разработка логотипа	1	1	4	9			False	сколько стоит разработка
интеграция с 1с точка банк	1	1	4	11			False	интеграция с 1с
оплата на сайте как сделать	1	1	4	12			False	оплата на сайте
как подключить оплату на сайте тильда	1	1	4	12			False	подключить оплату на сайт
python разработчик бишкек	1	1	4	7	бишкек	DIY/бесплатно	False	разработчик бишкек
frontend бишкек	1	1	4	0	бишкек		False	frontend разработчик бишкек
react разработчик зарплата	1	1	4	9		вакансии/работа	False	react разработчик
next js с нуля	1	1	4	0		обучение/курсы	False	next js разработчик
фриланс бишкек телеграм	1	1	4	9	бишкек		False	фриланс бишкек
доработка сайта на тильде	1	1	4	10			False	доработка сайта
техподдержка сайта росреестра	1	1	4	11			False	техподдержка сайта
перенос сайта с тильды на вордпресс	1	1	4	22			False	перенос сайта
хостинг для сайта россия	1	1	4	7			False	хостинг для сайта
купить домен кыргызстан	1	1	4	8	кыргызстан		False	купить домен kg
разработка игр на заказ	1	1	4	1			False	разработка по на заказ
заказная разработка программного обеспечения	1	1	4	25			False	заказная разработка
автоматизация склада 1с	1	1	4	3			False	автоматизация склада
учет товаров бесплатно	1	1	4	10		DIY/бесплатно	False	учет товаров
erp система пример	1	1	4	7		шаблоны/скачать	False	erp система
сайт 67 школы бишкек	1	1	4	0	бишкек		False	сайт для школы бишкек
сайт для агентства недвижимости	1	1	4	10			False	сайт для недвижимости
сайт застройщика брусника	1	1	4	5			False	сайт для застройщика
сайт туроператора анекс тур	1	1	4	6			False	сайт для туроператора
создать сайт для доставки еды бесплатно	1	1	4	22		DIY/бесплатно	False	сайт для доставки
приложение для доставки еды к поезду	1	1	4	13			False	приложение для доставки
fermer kg	1	1	4	0	кг/kg		False	приложение для фермеров
мобильное приложение для животных	1	1	4	6			False	приложение для животноводов
сайт знакомств для фермеров	1	1	4	14			False	сайт для ферм
приложение для бизнеса сбербанк	1	1	4	9			False	приложение для бизнеса
алыча это	1	1	4	5		определения	False	алча
alchat	1	1	4	1			False	alcha
alcha zdes	1	1	4	1			False	alcha dev
алча перевод	1	1	4	4			False	алча дев
торговый центр алча бишкек фото	1	1	4	20	бишкек		False	алча бишкек
разработка сайта под ключ стоимость	1	1	5	9			False	разработка сайта стоимость
разработка сайта для отеля	1	1	5	6			False	разработка сайта для
сайт под ключ рф	1	1	5	0			False	сайт под ключ кр
сайт cabinet salyk kg	1	1	5	4	кг/kg		False	сайт под ключ для
визит кг	1	1	5	0	кг/kg		False	сайт визитка кыргызстан
сайт візитка салону краси	1	1	5	10			False	сайт визитка кр
визитка бишкек цена	1	1	5	0	бишкек		False	сайт визитка стоимость
лендинг криптовалют риски	1	1	5	15			False	лендинг кр
цена лендинг пейдж	1	1	5	6			False	лендинг цена
лендинг на тильде стоимость	1	1	5	10			False	лендинг стоимость
landing page под ключ	1	1	5	5			False	лендинг под ключ
landing page заказать	1	1	5	5			False	лендинг заказать
лендинг для бизнеса	1	1	5	8			False	лендинг для
landing in bishkek	1	1	5	0			False	landing page бишкек
интернет магазин казахстан продукты питания	1	1	5	16	казахстан		False	интернет магазин кыргызстан
интернет магазин крокс	1	1	5	3			False	интернет магазин кр
создать интернет магазин цена украина	1	1	5	16			False	интернет магазин цена
new yorker интернет магазин заказать онлайн	1	1	5	18			False	интернет магазин заказать
интернет магазин недорогой обуви	1	1	5	7			False	интернет магазин недорого
интернет магазин для подологов	1	1	5	10			False	интернет магазин для
stepik веб разработка для начинающих	1	1	5	18		обучение/курсы	False	веб разработка для
программист краснодар учиться	1	1	5	15		обучение/курсы	False	программист кр
ошгу программист контракт	1	1	5	11			False	программист ош
программист 1с обучение стоимость	1	1	5	12		обучение/курсы	False	программист стоимость
программист для сайта	1	1	5	6			False	программист для
разработка crm стоимость	1	1	5	5			False	разработка crm цена
crm система для салону краси	1	1	5	14			False	crm система кр
crm система для турагентства	1	1	5	13			False	crm система для
автоматизация бизнеса красноярск	1	1	5	8			False	автоматизация бизнеса кр
автоматизация бизнеса	1	1	5	0			False	автоматизация бизнеса стоимость
веб приложение для учета финансов	1	1	5	15			False	веб приложение для
приложение кыргызстан	1	1	5	0	кыргызстан		False	мобильное приложение кыргызстан
мобильное приложение красный яр	1	1	5	8			False	мобильное приложение кр
мобильное приложение для водителя эпд	1	1	5	13			False	мобильное приложение для
телеграм боты для скачивания видео с инстаграма	1	1	5	35			False	телеграм бот
телеграм бот кредит украина	1	1	5	12			False	телеграм бот кр
тг бот для поиска кино	1	1	5	1			False	телеграм бот под ключ
чат бот кривбассводоканал	1	1	5	15			False	чат бот кр
бот для общения	1	1	5	0			False	чат бот недорого
чат бот для телеграм	1	1	5	9			False	чат бот для
веб дизайн сайта цена	1	1	5	4			False	дизайн сайта цена
дизайн интерьера цена бишкек	1	1	5	6	бишкек		False	дизайн сайта стоимость
заказать дизайн сайта на тильде	1	1	5	10			False	дизайн сайта заказать
дизайн сайта для стоматологии	1	1	5	13			False	дизайн сайта для
продвижение сайта в яндекс директ цена	1	1	5	16			False	продвижение сайта цена
сколько стоит под ключ ремонт квартиры	1	1	5	11			False	сколько стоит сайт под ключ
стоимость сертификата для сайта	1	1	5	12			False	стоимость сайта для
цена сайта дизайн	1	1	5	3			False	цена сайта для
сайт на тильда бесплатно	1	1	5	11		DIY/бесплатно	True	сайт на tilda
tilda поиск по сайту	1	1	5	0			False	сайт на tilda под ключ
как создать сайт на wordpress	1	1	5	9			True	сайт на wordpress кр
сайт на вордпресс цена	1	1	5	0			False	сайт на wordpress цена
сайт круизной компании созвездие	1	1	5	12			False	сайт для компании кр
что делает кредитный администратор	1	1	5	15			False	кто делает сайты кр
как создать сайт для салона красоты	1	1	5	16			False	как создать сайт кр
как создать сайт для приглашения на свадьбу	1	1	5	23			False	как создать сайт для
как сделать сайт для майнкрафт сервера	1	1	5	18			False	как сделать сайт для
ит компания криптонит	1	1	5	7			False	it компания кр
веб студии минск	1	1	5	6	минск		False	веб студии
создать сайт бесплатно без регистрации	1	1	5	26		DIY/бесплатно	False	создать сайт
создать красивый сайт бесплатно	1	1	5	16		DIY/бесплатно	False	создать сайт кр
создать сайт для фотографа	1	1	5	10			False	создать сайт для
разработка по английски	1	1	5	10			False	разработка по
разработка креативной концепции	1	1	5	15			False	разработка по кр
разработка на кыргызском	1	1	5	8			False	разработка по ош
разработка по для строителей	1	1	5	11			False	разработка по для
разработка программного обеспечения это	1	1	5	20		определения	False	разработка программ
разработка программ для эвм	1	1	5	4			False	разработка программ для
amocrm вход в личный кабинет	1	1	5	22		вход/логин	False	amocrm
битрикс24 для салона красоты	1	1	5	16			False	битрикс24 кр
маркет битрикс24 цена	1	1	5	7			False	битрикс24 цена
маркетплейс битрикс24 стоимость	1	1	5	12			False	битрикс24 стоимость
битрикс24 для разработчиков	1	1	5	14			False	битрикс24 для
установка 1с бишкек	1	1	5	10	бишкек		False	1с бишкек
1с казахстан прайс	1	1	5	5	казахстан		False	1с кыргызстан
1с критерии отбора в запросе	1	1	5	23			False	1с кр
1с ошибки релизов	1	1	5	12			False	1с ош
1с цена итс	1	1	5	4			False	1с цена
1с стоимость компании	1	1	5	9			False	1с стоимость
1с ключ записи регистра сведений	1	1	5	21			False	1с под ключ
1с заказы	1	1	5	0			False	1с заказать
1с для чего	1	1	5	5			False	1с для
редизайн сайта ai	1	1	5	3			False	редизайн сайта
поддержка сайта авито	1	1	5	6			False	поддержка сайта
поддержка о	1	1	5	0			False	поддержка сайта недорого
разработчик сайтов как называется	1	1	5	15			False	разработчик сайтов
сайт знакомств бишкек	1	1	5	17	бишкек		False	сайт
сайт бишкекглавархитектуры	1	1	5	15	бишкек		False	сайт бишкек
кыргызстан сайт автомобилей	1	1	5	12	кыргызстан		False	сайт кыргызстан
сайт крокс	1	1	5	3			False	сайт кр
сайт ошибок сайтов	1	1	5	11			False	сайт ош
сайт цена машин	1	1	5	6			False	сайт цена
стоимость сайт визитка	1	1	5	8			False	сайт стоимость
сайт недорогой одежды украина	1	1	5	16			False	сайт недорого
digital агентство москва	1	1	5	7	москва		False	digital агентство
рекламное агентство кропоткин	1	1	5	9			False	digital агентство кр
разработка бота телеграм цена	1	1	5	0			False	разработка telegram бота стоимость
скачать приложение макс	1	1	5	4		шаблоны/скачать	False	заказать приложение
парк евразия бишкек приложение скачать	1	1	5	12	бишкек	шаблоны/скачать	False	заказать приложение бишкек
заказать мобильное приложение для	1	1	5	10			False	заказать приложение для
создание приложений анализа данных	1	1	5	15			False	создание приложений
создать приложение шаблон	1	1	5	3		шаблоны/скачать	False	создание приложений кр
создание приложений для android с нуля	1	1	5	15		обучение/курсы	False	создание приложений для
b2b портал епіцентр	1	1	5	9			False	b2b портал
b2b bookingagora	1	1	5	0			False	b2b портал недорого
сайт каталог на тильде	1	1	5	10			False	сайт каталог
сайт днс краснодар каталог товаров	1	1	5	19			False	сайт каталог кр
мегалайн личный кабинет бишкек	1	1	5	9	бишкек		False	личный кабинет бишкек
личный кабинет казахстан виза сша	1	1	5	8	казахстан		False	личный кабинет кыргызстан
личный кабинет крымгазсети	1	1	5	9			False	личный кабинет кр
личный кабинет ош пэс	1	1	5	4	ош		False	личный кабинет ош
личный кабинет ростелеком ключ	1	1	5	7			False	личный кабинет под ключ
фсс личный кабинет заказать справку о доходах	1	1	5	22			False	личный кабинет заказать
личный кабинет о деньги	1	1	5	0			False	личный кабинет недорого
личный кабинет для самозанятых	1	1	5	12			False	личный кабинет для
создание сайтов агентство	1	1	5	8			False	создание сайтов а
создание сайтов беларусь	1	1	5	7			False	создание сайтов б
создание сайтов в алматы	1	1	5	7	алматы		False	создание сайтов в
гамма создание сайтов	1	1	5	4			False	создание сайтов г
создание сайтов кто занимается	1	1	5	13			False	создание сайтов з
создание сайтов и приложений	1	1	5	11			False	создание сайтов и
создание сайтов курс	1	1	5	3		обучение/курсы	False	создание сайтов к
создание сайтов и лендингов на wordpress и elementor с нуля	1	1	5	42		обучение/курсы	False	создание сайтов л
создание сайтов на wordpress	1	1	5	11			False	создание сайтов н
создание сайтов обучение с нуля самостоятельно	1	1	5	29		обучение/курсы,DIY/бесплатно	False	создание сайтов о
создание сайтов рязань	1	1	5	5			False	создание сайтов р
создание сайтов ставрополь	1	1	5	9			False	создание сайтов с
создание сайтов таплинк	1	1	5	6			False	создание сайтов т
создание сайтов ульяновск	1	1	5	8			False	создание сайтов у
создание сайтов чехия	1	1	5	4			False	создание сайтов ч
разработка сайтов атырау	1	1	5	5			False	разработка сайтов а
разработка сайтов битрикс	1	1	5	6			False	разработка сайтов б
разработка сайтов владивосток	1	1	5	10			False	разработка сайтов в
разработка сайтов дизайн	1	1	5	5			False	разработка сайтов д
разработка сайтов и веб приложений	1	1	5	15			False	разработка сайтов и
разработка сайтов киев	1	1	5	3			False	разработка сайтов к
разработка сайтов магнитогорск	1	1	5	11			False	разработка сайтов м
разработка сайтов отзывы	1	1	5	5			False	разработка сайтов о
разработка сайтов рейтинг	1	1	5	6			False	разработка сайтов р
разработка сайтов ставрополь	1	1	5	9			False	разработка сайтов с
разработка сайтов тольятти	1	1	5	7			False	разработка сайтов т
разработка сайтов усть каменогорск	1	1	5	15			False	разработка сайтов у
сайт аэрофлот заказать справку	1	1	5	15			False	заказать сайт а
заказать сайт в киеве	1	1	5	6			False	заказать сайт в
заказать сайт магазин	1	1	5	6			False	заказать сайт м
заказать сайт николаев	1	1	5	7			False	заказать сайт н
заказать сайт одностраничник	1	1	5	13			False	заказать сайт о
заказать сайт портфолио	1	1	5	8			False	заказать сайт п
заказать сайт минск рб	1	1	5	7	минск		False	заказать сайт р
заказать такси сайт	1	1	5	4			False	заказать сайт т
заказать шарики бишкек	1	1	5	7	бишкек		False	заказать сайт ш
сайт для заказа из японии	1	1	5	10			False	заказать сайт я
сделать сайт вакансии	1	1	5	7		вакансии/работа	False	сделать сайт в
сайт сделать гифку из видео	1	1	5	13			False	сделать сайт г
что сделать если сайт не открывается	1	1	5	22			False	сделать сайт е
сделать сайт из пдф	1	1	5	5			False	сделать сайт и
сделать сайт как	1	1	5	2			False	сделать сайт к
сделать личный сайт	1	1	5	5			False	сделать сайт л
сделать мэшап сайт	1	1	5	4			False	сделать сайт м
сделать сайт одностраничник цена	1	1	5	18			False	сделать сайт о
сайт сделать ребус	1	1	5	4			False	сделать сайт р
сделать сайт сколько стоит	1	1	5	12			False	сделать сайт с
сделать сайт тинькофф	1	1	5	7			False	сделать сайт т
сделать фото сайт	1	1	5	3			False	сделать сайт ф
как сделать хороший сайт	1	1	5	10			False	сделать сайт х
сделать сайт челябинск	1	1	5	8			False	сделать сайт ч
сделать свой шрифт сайт	1	1	5	9			False	сделать сайт ш
как сделать сайт ярлыком на айфоне	1	1	5	20			False	сделать сайт я
сайт визитка архитектора	1	1	5	10			False	сайт визитка а
сайт визитка блогера	1	1	5	6			False	сайт визитка б
сайт визитка визажиста	1	1	5	8			False	сайт визитка в
сайт визитка гитхаб	1	1	5	5			False	сайт визитка г
сайт визитка компании	1	1	5	7			False	сайт визитка к
сайт визитка москва	1	1	5	5	москва		False	сайт визитка м
сайт визитка на свадьбу	1	1	5	9			False	сайт визитка н
сайт визитка о себе	1	1	5	5			False	сайт визитка о
сайт визитка референс	1	1	5	7			False	сайт визитка р
сайт визитка строительной компании	1	1	5	20			False	сайт визитка с
сайт визитка турагентства	1	1	5	11			False	сайт визитка т
сайт визитка фриланс	1	1	5	6			False	сайт визитка ф
создание интернет магазина самостоятельно	1	1	5	13		DIY/бесплатно	False	создание интернет магазина с
веб студия акси	1	1	5	3			False	веб студия а
веб студия владивосток	1	1	5	10			False	веб студия в
веб студия малевич	1	1	5	6			False	веб студия м
веб студия сокол новочеркасск	1	1	5	17			False	веб студия н
веб студия облако	1	1	5	5			False	веб студия о
веб студия пермь	1	1	5	4			False	веб студия п
веб студия работа	1	1	5	5		вакансии/работа	False	веб студия р
веб студия соль	1	1	5	3			False	веб студия с
веб студия топ	1	1	5	2			False	веб студия т
сітер веб студія івано франківськ	1	1	5	21			False	веб студия ф
разработка crm систем	1	1	5	5			True	разработка crm ц
разработка мобильных приложений для бизнеса	1	1	5	10			False	разработка мобильных приложений б
разработка мобильных приложений компании	1	1	5	7			False	разработка мобильных приложений к
разработка мобильных приложений москва razrabotka-prilozheniya.tilda.ws	1	1	5	38	москва		True	разработка мобильных приложений м
разработка мобильных приложений на react native	1	1	5	14			False	разработка мобильных приложений н
разработка мобильных приложений под	1	1	5	2			False	разработка мобильных приложений п
сколько стоит сайт у артемия лебедева	1	1	5	17			False	сколько стоит сайт а
сколько стоит купить готовый сайт	1	1	5	13			False	сколько стоит сайт г
сколько стоит корпоративный сайт	1	1	5	12			False	сколько стоит сайт к
сколько стоит один сайт	1	1	5	3			False	сколько стоит сайт о
сколько стоит сайма	1	1	5	0			False	сколько стоит сайт т
сайт для аниме	1	1	5	4			False	сайт для а
сайт для бухгалтерів бюджетних установ	1	1	5	28			False	сайт для б
сайт для выбора фильма	1	1	5	12			False	сайт для в
сайт для глухих фильмы	1	1	5	12			False	сайт для г
сайт для докса бесплатно	1	1	5	14		DIY/бесплатно	False	сайт для д
сайт ева	1	1	5	0			False	сайт для е
сайт для жалоб жкх	1	1	5	8			False	сайт для ж
сайт для заказа из китая	1	1	5	14			False	сайт для з
сайт для изучения корейского языка	1	1	5	24			False	сайт для и
сайт для кожи да	1	1	5	6			False	сайт для к
сайт для логистов	1	1	5	7			False	сайт для л
сайт для мога	1	1	5	3			False	сайт для м
сайт для настройки гитары	1	1	5	15			False	сайт для н
сайт для озвучки фильмов	1	1	5	14			False	сайт для о
сайт для просмотра аниме	1	1	5	14			False	сайт для п
сайт для сборки кубика рубика	1	1	5	19			False	сайт для с
сайт для трейдов адопт ми	1	1	5	15			False	сайт для т
сайт для угадывания песен	1	1	5	15			False	сайт для у
сайт для фриланса	1	1	5	7			False	сайт для ф
сайт для хакеров	1	1	5	6			False	сайт для х
сайт для цвета глаз	1	1	5	9			False	сайт для ц
сайт для черчения	1	1	5	7			False	сайт для ч
сайт для эскизов тату	1	1	5	11			False	сайт для э
сайт для просмотра ютуба вместе	1	1	5	21			False	сайт для ю
сайт ясно	1	1	5	0			False	сайт для я
создание сайта альфа банк	1	1	5	9			False	создание сайта а
создание сайта бесплатно самому с нуля	1	1	5	22		обучение/курсы,DIY/бесплатно	False	создание сайта б
создание сайта владивосток	1	1	5	10			False	создание сайта в
создание сайта гомель	1	1	5	5			False	создание сайта г
создание сайта казань	1	1	5	5			False	создание сайта к
создание логотипа сайта	1	1	5	7			False	создание сайта л
создание сайта на пайтон	1	1	5	8			False	создание сайта н
создание сайта одесса	1	1	5	5			False	создание сайта о
создание сайта при помощи ии	1	1	5	12		DIY/бесплатно	False	создание сайта п
создание сайта реклама	1	1	5	6			False	создание сайта р
создание сайта тильда обучение	1	1	5	14		обучение/курсы	False	создание сайта т
создание сайта ульяновск	1	1	5	8			False	создание сайта у
создание сайта на хорошоп	1	1	5	9			False	создание сайта х
создание сайта через тильду	1	1	5	11			False	создание сайта ч
создание шаблона сайта онлайн	1	1	5	13		шаблоны/скачать	False	создание сайта ш
создание сайта эстония	1	1	5	6			False	создание сайта э
создание ярлыка сайта	1	1	5	5			False	создание сайта я
сайтотек бишкек	1	1	5	4	бишкек		False	бишкек сайт
сайт кгма перевод	1	1	5	10			False	сайт кг
сайт ru roblox	1	1	5	7			False	сайт кг
сайт kgmart ru официальный	1	1	5	18			False	сайт .kg
сайт толом kg	1	1	5	5	кг/kg		False	сайт .kg
мобильное приложение мой свет бишкек	1	1	5	9	бишкек		False	мобильное приложение бишкек
лэндин бул	1	1	5	0			False	лендинг бишкек
сайт клиники эксперт	1	1	5	4			False	сайт для клиники
бесплатные crm для бизнеса	1	1	5	11		DIY/бесплатно	False	crm для бизнеса
где заказать печать в бишкеке	1	1	5	12	бишкек		False	где заказать сайт
интернет магазины кыргызстан	1	1	5	0	кыргызстан		False	интернет магазин под ключ бишкек
топ crm для малого бизнеса	1	1	5	4			False	crm для малого бизнеса
срм для магазина одежды	1	1	5	7			False	crm для магазина
какой бот поддерживает телеграм для бизнеса	1	1	5	19			False	телеграм бот для бизнеса
бот для магазина тг	1	1	5	0			False	телеграм бот для магазина
разработка телеграм бота в ташкенте	1	1	5	11	ташкент/узб		False	разработка телеграм бота
создание телеграм бота вакансии	1	1	5	9		вакансии/работа	False	создание телеграм бота
лучшие it компании узбекистана	1	1	5	12	ташкент/узб		False	лучшие it компании
сайт с админ панелью	1	1	5	5			False	сайт с админкой
можно ли на тильде сделать сайт с личным кабинетом	1	1	5	27			False	сайт с личным кабинетом
интернет магазины бишкека	1	1	5	5	бишкек		False	b2b интернет магазин
оптовый интернет магазин продуктов питания украина	1	1	5	26			False	оптовый интернет магазин
b2b платформа global sources	1	1	5	15			False	b2b платформа
сколько стоит в бишкеке iphone 13	1	1	5	5	бишкек		False	сколько стоит сайт в бишкеке
сколько стоит сделать свое мобильное приложение	1	1	5	13			False	сколько стоит мобильное приложение
сколько стоит внедрение crm системы	1	1	5	18			False	сколько стоит crm
сколько стоит открыть интернет магазин	1	1	5	8			False	сколько стоит интернет магазин
сколько стоит лендинг пейдж	1	1	5	6			False	сколько стоит лендинг
сколько стоит разработка гта 5	1	1	5	6			False	сколько стоит разработка
интеграция с 1с диадок	1	1	5	7			False	интеграция с 1с
оплата на сайте через сбп	1	1	5	10			False	оплата на сайте
подключить онлайн оплату на сайте	1	1	5	8			False	подключить оплату на сайт
frontend developer бишкек	1	1	5	0	бишкек		False	frontend разработчик бишкек
react разработчик курсы	1	1	5	6		обучение/курсы	False	react разработчик
next js это	1	1	5	0		определения	False	next js разработчик
фриланс биржа бишкек	1	1	5	6	бишкек		False	фриланс бишкек
сео специалист бишкек	1	1	5	11	бишкек		False	сео бишкек
seo аудит онлайн	1	1	5	7			False	seo аудит
доработка сайта на битрикс	1	1	5	11			False	доработка сайта
техподдержка сайта почта россии	1	1	5	13			False	техподдержка сайта
перенос сайта wordpress на другой домен	1	1	5	26			False	перенос сайта
хостинг для сайта дешевый	1	1	5	8			False	хостинг для сайта
заказная разработка перевод	1	1	5	8			False	заказная разработка
автоматизация склада оборудование	1	1	5	13			False	автоматизация склада
учет товаров в розничной торговле рб	1	1	5	24			False	учет товаров
erp система расшифровка	1	1	5	12		определения	False	erp система
сайт 33 школы бишкек	1	1	5	0	бишкек		False	сайт для школы бишкек
сайт для покупки недвижимости в сша	1	1	5	14			False	сайт для недвижимости
сайт застройщика а101	1	1	5	1			False	сайт для застройщика
сайт туроператора дельфин	1	1	5	4			False	сайт для туроператора
купить сайт для доставки еды	1	1	5	11			False	сайт для доставки
приложение для доставки пятерочка	1	1	5	10			False	приложение для доставки
приложение отслеживающее схватки	1	1	5	5			False	приложение для животноводов
сайт ферма	1	1	5	0			False	сайт для ферм
приложение для бизнеса втб	1	1	5	4			False	приложение для бизнеса
алчалуу айылы	1	1	5	9			False	алча
alcha меню	1	1	5	5			False	alcha
alchemy of souls 16	1	1	5	10			False	alcha dev
разработка сайта на wordpress стоимость	1	1	6	13			False	разработка сайта стоимость
разработка сайта для автосервиса	1	1	6	12			False	разработка сайта для
лендинг сайт	1	1	6	0			True	лендинг кыргызстан
лендинг кредит	1	1	6	4			False	лендинг кр
заказать лендинг цена	1	1	6	9			False	лендинг цена
создать лендинг под ключ	1	1	6	8			False	лендинг под ключ
заказать лендинг алматы	1	1	6	7	алматы		False	лендинг заказать
лендинг для курса	1	1	6	6		обучение/курсы	False	лендинг для
интернет магазины в бишкеке одежда	1	1	6	18	бишкек		False	интернет магазин
интернет магазин одежды кыргызстан	1	1	6	7	кыргызстан		False	интернет магазин кыргызстан
интернет магазин кравт	1	1	6	3			False	интернет магазин кр
битрикс интернет магазин цена	1	1	6	8			False	интернет магазин цена
re интернет магазин как заказать	1	1	6	7			False	интернет магазин заказать
интернет магазин недорогой парфюмерии	1	1	6	12			False	интернет магазин недорого
интернет магазин для рыбалки	1	1	6	8			False	интернет магазин для
программист кривой рог	1	1	6	8			False	программист кр
программист для чего нужен	1	1	6	11			False	программист для
crm система для ресторана	1	1	6	10			False	crm система для
ооо автоматизация бизнеса краснодар	1	1	6	11			False	автоматизация бизнеса кр
веб приложение для андроид	1	1	6	8			False	веб приложение для
мобильное приложение на кыргызском	1	1	6	3			False	мобильное приложение кыргызстан
мобильное приложение kicb	1	1	6	0			False	мобильное приложение под ключ
мобильное приложение для самозанятых	1	1	6	12			False	мобильное приложение для
разработка приложений для windows	1	1	6	8			False	разработка приложений для
телеграм боты для знакомств	1	1	6	15			True	телеграм бот
телеграм бот кредит	1	1	6	4			False	телеграм бот кр
чат бот кредит каса	1	1	6	9			False	чат бот кр
бот под ключ	1	1	6	0			False	чат бот под ключ
чат бот для твича	1	1	6	6			False	чат бот для
дизайн страницы сайта цена	1	1	6	9			False	дизайн сайта цена
дизайн сайта для ресторана	1	1	6	10			False	дизайн сайта для
сколько стоит под ключ имплант	1	1	6	3			False	сколько стоит сайт под ключ
сколько стоит сайт для магазина	1	1	6	9			False	сколько стоит сайт для
стоимость дизайна баннера для сайта	1	1	6	16			False	стоимость сайта для
как собрать сайт на тильде	1	1	6	3			False	сайт на тильде под ключ
tilda как сделать сайт	1	1	6	0			False	сайт на tilda под ключ
как сделать сайт на wordpress	1	1	6	9			False	сайт на wordpress кр
сайт транспортной компании красноярск	1	1	6	17			False	сайт для компании кр
где заказать карту тулпар	1	1	6	5			False	где заказать сайт кр
как создать кр код на сайт	1	1	6	7	кр		False	как создать сайт кр
как создать сайт для записи клиентов	1	1	6	16			False	как создать сайт для
ит компания креатив	1	1	6	5			False	it компания кр
веб студии новосибирск	1	1	6	12			False	веб студии
создать сайт поздравление с днем рождения	1	1	6	29			False	создать сайт
создать красивый сайт	1	1	6	6			False	создать сайт кр
разработка по оквэд	1	1	6	6			False	разработка по
разработка кр	1	1	6	0	кр		False	разработка по кр
разработка на кыргызском языке	1	1	6	14			False	разработка по ош
разработка по для микроконтроллеров	1	1	6	18			False	разработка по для
разработка программного обеспечения / software engineering	1	1	6	39			False	разработка программ
разработка программ для микроконтроллеров	1	1	6	18			False	разработка программ для
amocrm api	1	1	6	4			False	amocrm
amocrm для автосервиса	1	1	6	12			False	amocrm для
битрикс24 вход по логину и паролю	1	1	6	24		вход/логин	False	битрикс24
телефония битрикс24 цена	1	1	6	10			False	битрикс24 цена
crm битрикс24 стоимость	1	1	6	4			False	битрикс24 стоимость
битрикс24 для пк	1	1	6	3			False	битрикс24 для
1с коннект	1	1	6	8			False	1с
1с като бишкек	1	1	6	5	бишкек		False	1с бишкек
1с казахстан вакансии	1	1	6	8	казахстан	вакансии/работа	False	1с кыргызстан
1с криптопро	1	1	6	7			False	1с кр
1с ошибка доступа к файлу	1	1	6	20			False	1с ош
цена 1с бухгалтерия	1	1	6	12			False	1с цена
1с стоимость обслуживания	1	1	6	13			False	1с стоимость
1с ключевой параметр формы	1	1	6	15			False	1с под ключ
1с для новичков	1	1	6	9			False	1с для
редизайн сайта минск	1	1	6	6	минск		False	редизайн сайта
поддержка сайта аэрофлот	1	1	6	9			False	поддержка сайта
разработчик сайтов на тильде	1	1	6	10			False	разработчик сайтов
сайт шакиры	1	1	6	7			False	сайт
сайт бишкекской епархии	1	1	6	12	бишкек		False	сайт бишкек
кыргызстан сайт знакомств	1	1	6	10	кыргызстан		False	сайт кыргызстан
сайт красное белое	1	1	6	11			False	сайт кр
сайт ошмянского райисполкома	1	1	6	21			False	сайт ош
сайт цена adopt me	1	1	6	9			False	сайт цена
сайт рса стоимость запчастей	1	1	6	14			False	сайт стоимость
недорогой сайт	1	1	6	1			False	сайт недорого
digital агентство house	1	1	6	6			False	digital агентство
рекламное агентство кременчуг	1	1	6	9			False	digital агентство кр
заказать приложение альфа банк на айфон	1	1	6	20			False	заказать приложение
скачать приложение мой дом бишкек	1	1	6	7	бишкек	шаблоны/скачать	False	заказать приложение бишкек
создание приложений для android на python	1	1	6	18		DIY/бесплатно	False	создание приложений для
b2b portal etisalat	1	1	6	9			False	b2b портал
сайт каталог создать	1	1	6	8			False	сайт каталог
сайт дельфин красноярск каталог	1	1	6	16			False	сайт каталог кр
личный кабинет салык кж	1	1	6	9			False	личный кабинет
личный кабинет налогоплательщика бишкек	1	1	6	18	бишкек		False	личный кабинет бишкек
личный кабинет казахстан сша	1	1	6	3	казахстан		False	личный кабинет кыргызстан
личный кабинет красноярскэнергосбыт	1	1	6	18			False	личный кабинет кр
личный кабинет налогоплательщика ошибка авторизации	1	1	6	34			False	личный кабинет ош
личный кабинет салым финанс	1	1	6	3			False	личный кабинет стоимость
личный кабинет кж	1	1	6	0			False	личный кабинет под ключ
сбербанк личный кабинет заказать карту	1	1	6	15			False	личный кабинет заказать
личный кабинет для физических лиц	1	1	6	15			False	личный кабинет для
создание сайтов актобе	1	1	6	5			False	создание сайтов а
создание сайтов берлин	1	1	6	5			False	создание сайтов б
создание сайтов владивосток	1	1	6	10			False	создание сайтов в
создание сайтов дзержинск	1	1	6	8			False	создание сайтов д
создание сайтов и продвижение	1	1	6	12			False	создание сайтов и
создание макетов сайтов	1	1	6	6			False	создание сайтов м
создание сайтов на тильде вакансии	1	1	6	17		вакансии/работа	False	создание сайтов н
создание сайтов обучение бесплатно	1	1	6	17		обучение/курсы,DIY/бесплатно	False	создание сайтов о
создание сайтов реклама	1	1	6	6			False	создание сайтов р
создание сайтов симферополь	1	1	6	10			False	создание сайтов с
создание сайтов томск	1	1	6	4			False	создание сайтов т
создание сайтов умань	1	1	6	4			False	создание сайтов у
фанпей создание сайтов	1	1	6	5			False	создание сайтов ф
создание сайтов через нейросеть	1	1	6	14		DIY/бесплатно	False	создание сайтов ч
разработка сайтов астана ima kz	1	1	6	12	астана,кз/kz		False	разработка сайтов а
разработка сайтов барановичи	1	1	6	9			False	разработка сайтов б
разработка сайтов в хабаровске	1	1	6	11			False	разработка сайтов в
разработка сайтов ижевск	1	1	6	5			False	разработка сайтов и
разработка сайтов калининград	1	1	6	10			False	разработка сайтов к
разработка сайтов махачкала	1	1	6	8			False	разработка сайтов м
разработка сайтов на laravel	1	1	6	9			False	разработка сайтов н
разработка сайтов окэд	1	1	6	3			False	разработка сайтов о
разработка сайтов рязань	1	1	6	5			False	разработка сайтов р
разработка сайтов с нуля	1	1	6	5		обучение/курсы	False	разработка сайтов с
разработка сайтов тула	1	1	6	3			False	разработка сайтов т
разработка сайтов ульяновск	1	1	6	8			False	разработка сайтов у
сайт аптека заказать лекарства	1	1	6	15			False	заказать сайт а
заказать сайт бесплатно	1	1	6	8		DIY/бесплатно	False	заказать сайт б
заказать сайт в минске	1	1	6	7	минск		False	заказать сайт в
сайт для заказа с китая	1	1	6	8			False	заказать сайт з
заказать сайт москва моссео	1	1	6	12	москва		False	заказать сайт м
заказать сайт на laravel	1	1	6	9			False	заказать сайт н
заказать продающий сайт	1	1	6	8			False	заказать сайт п
уклон заказать сайт	1	1	6	4			False	заказать сайт у
заказать через сайт	1	1	6	4			False	заказать сайт ч
заказать шкаф бишкек	1	1	6	5	бишкек		False	заказать сайт ш
сделать сайт агентство	1	1	6	8			False	сделать сайт а
сделать сайт бесплатно на телефоне	1	1	6	20		DIY/бесплатно	False	сделать сайт б
сделать сайт в гугле	1	1	6	6			False	сделать сайт в
сайт сделать генеалогическое древо	1	1	6	20			False	сделать сайт г
как сделать сайт за 5 минут	1	1	6	13			False	сделать сайт з
сделать сайт из кода	1	1	6	6			False	сделать сайт и
сделать сайт канва	1	1	6	4			False	сделать сайт к
сделать сайт с личным кабинетом	1	1	6	17			False	сделать сайт л
сайт сделать мем	1	1	6	2			False	сделать сайт м
сделать сайт на тильде бесплатно	1	1	6	18		DIY/бесплатно	False	сделать сайт н
сделать сайт онлайн нейросеть	1	1	6	15		DIY/бесплатно	False	сделать сайт о
сделать реферат сайт	1	1	6	6			False	сделать сайт р
сделать сайт с поздравлением	1	1	6	14			False	сделать сайт с
сделать сайт томск	1	1	6	4			False	сделать сайт т
сделать флаг сайт	1	1	6	3			False	сделать сайт ф
сайт сделать все хорошо	1	1	6	9			False	сделать сайт х
сделать сайт через гугл	1	1	6	9			False	сделать сайт ч
как сделать сайт для школьного проекта	1	1	6	24			False	сделать сайт ш
как сделать сайт ярлыком на андроид	1	1	6	21			False	сделать сайт я
сайт визитка автозапчасти	1	1	6	11			False	сайт визитка а
сайт визитка идеи	1	1	6	3			False	сайт визитка и
сайт визитка как называется	1	1	6	13			False	сайт визитка к
сайт визитка маркетолога	1	1	6	10			False	сайт визитка м
сайт визитка на заказ	1	1	6	7			False	сайт визитка н
сайт визитка одностраничник	1	1	6	13			False	сайт визитка о
сайт визитка психолога пример	1	1	6	15		шаблоны/скачать	False	сайт визитка п
сайт визитка стоматолога	1	1	6	10			False	сайт визитка с
сайт визитка топ	1	1	6	2			False	сайт визитка т
сайт визитка фотографа пример	1	1	6	15		шаблоны/скачать	False	сайт визитка ф
чем сайт визитка отличается от лендинга	1	1	6	25			False	сайт визитка ч
визитка яроша	1	1	6	0			False	сайт визитка я
создание интернет магазина сайт	1	1	6	3			False	создание интернет магазина и
веб студия аспект	1	1	6	5			False	веб студия а
біт веб студія	1	1	6	2			False	веб студия б
веб студия в минске	1	1	6	7	минск		False	веб студия в
студия веб дизайна спб	1	1	6	10	спб		False	веб студия д
веб студия калининград	1	1	6	10			False	веб студия к
лучшая веб студия	1	1	6	5			False	веб студия л
веб студия мазок	1	1	6	4			False	веб студия м
веб студия портфолио	1	1	6	8			False	веб студия п
веб студия редстар	1	1	6	6			False	веб студия р
веб студия самара	1	1	6	5			False	веб студия с
разработка мобильных приложений android	1	1	6	6			False	разработка мобильных приложений а
разработка мобильных приложений в астане	1	1	6	7	астана		False	разработка мобильных приложений в
разработка веб и мобильных приложений	1	1	6	4			False	разработка мобильных приложений и
разработка мобильных приложений на java	1	1	6	6			False	разработка мобильных приложений н
разработка мобильных приложений пермь	1	1	6	4			False	разработка мобильных приложений п
сколько стоит аудит сайта	1	1	6	5			False	сколько стоит сайт а
сколько стоит сайт википедия	1	1	6	8			False	сколько стоит сайт в
сколько стоит сделать сайт в германии	1	1	6	17			False	сколько стоит сайт г
сколько стоит запустить сайт	1	1	6	8			False	сколько стоит сайт з
сколько стоит купить сайт на тильде	1	1	6	15			False	сколько стоит сайт к
сколько стоит сделать сайт на заказ	1	1	6	15			False	сколько стоит сайт с
узнать сколько стоит сайт	1	1	6	5			False	сколько стоит сайт у
сколько стоит сделать сайт в сша	1	1	6	12			False	сколько стоит сайт ч
сайт для аукциона твич	1	1	6	12			False	сайт для а
сайт для вывода генов раст	1	1	6	16			False	сайт для в
сайт для генерации фото	1	1	6	13			False	сайт для г
сайт для доната в стандофф 2	1	1	6	18			False	сайт для д
сайт единая россия	1	1	6	8			False	сайт для е
сайт для желаний	1	1	6	6			False	сайт для ж
сайт для загрузки фото	1	1	6	12			False	сайт для з
сайт для ии видео	1	1	6	7		DIY/бесплатно	False	сайт для и
сайт для крафтов кс 2	1	1	6	11			False	сайт для к
сайт для лекций	1	1	6	5			False	сайт для л
сайт для музыки	1	1	6	5			False	сайт для м
сайт для написания текста	1	1	6	15			False	сайт для н
сайт для озвучки мультфильмов	1	1	6	19			False	сайт для о
сайт для поступления в колледж	1	1	6	20		обучение/курсы	False	сайт для п
сайт для регистрации в садик	1	1	6	18			False	сайт для р
сайт для совместного просмотра	1	1	6	20			False	сайт для с
сайт для трейдов мм2	1	1	6	10			False	сайт для т
сайт для учителей	1	1	6	7			False	сайт для у
сайт для фотографов	1	1	6	9			False	сайт для ф
сайт для хранения файлов	1	1	6	14			False	сайт для х
сайт для цен адопт ми	1	1	6	11			False	сайт для ц
сайт для читки репа	1	1	6	9			False	сайт для ч
сайт для школьников	1	1	6	9			False	сайт для ш
сайт для электрических схем	1	1	6	17			False	сайт для э
сайт для просмотра ютуба	1	1	6	14			False	сайт для ю
сайт яндекс	1	1	6	1			False	сайт для я
создание сайта автосервиса	1	1	6	10			False	создание сайта а
создание сайта без кода	1	1	6	7			False	создание сайта б
создание сайта в ташкенте	1	1	6	9	ташкент/узб		False	создание сайта в
создание сайта и продвижение стоимость	1	1	6	22			False	создание сайта и
создание сайта с личным кабинетом	1	1	6	17			False	создание сайта л
создание сайта на wordpress пошагово	1	1	6	20			False	создание сайта н
создание сайта онлайн конструктор бесплатно	1	1	6	27		DIY/бесплатно	False	создание сайта о
создание сайта продвижение и реклама сайта	1	1	6	26			False	создание сайта п
создание сайта ростов	1	1	6	5			False	создание сайта р
создание сайта тинькофф	1	1	6	7			False	создание сайта т
создание сайта узбекистан	1	1	6	9	ташкент/узб		False	создание сайта у
создание сайта для художника	1	1	6	12			False	создание сайта х
создание сайта цветочного магазина	1	1	6	18			False	создание сайта ц
создание сайта через код	1	1	6	8			False	создание сайта ч
создание сайта электронной библиотеки	1	1	6	21			False	создание сайта э
создание интернет сайта ялта	1	1	6	12			False	создание сайта я
сайт кгмипипк	1	1	6	6			False	сайт кг
сайт ru луномосик	1	1	6	10			False	сайт кг
сайт kgoal ru	1	1	6	5			False	сайт .kg
сайт mashina kg	1	1	6	7	кг/kg		False	сайт .kg
создание landing page	1	1	6	4			False	создание лендинга
сайт клиники сова волгоград	1	1	6	11			False	сайт для клиники
crm для цветочного бизнеса	1	1	6	11			False	crm для бизнеса
создание лендинга стоимость	1	1	6	5			False	создание лендинга цена
выбор crm для малого бизнеса	1	1	6	6			False	crm для малого бизнеса
crm для магазина запчастей	1	1	6	10			False	crm для магазина
разработка телеграм бота вакансии	1	1	6	9		вакансии/работа	False	разработка телеграм бота
создание телеграм бота фриланс	1	1	6	8			False	создание телеграм бота
лучшие it компании украины	1	1	6	8			False	лучшие it компании
сайт кабинет салык	1	1	6	0			False	сайт с личным кабинетом
оптовый интернет магазин sunopt фото	1	1	6	12			False	оптовый интернет магазин
b2b платформа для продавцов цифровых товаров	1	1	6	31			False	b2b платформа
сколько стоит в бишкеке iphone 16 про макс	1	1	6	14	бишкек		False	сколько стоит сайт в бишкеке
сколько стоит сделать интернет магазин	1	1	6	8			False	сколько стоит интернет магазин
сколько стоит лендинг под ключ	1	1	6	9			False	сколько стоит лендинг
сколько стоит разработка приложения для телефона	1	1	6	24			False	сколько стоит разработка
интеграция с 1с это	1	1	6	4		определения	False	интеграция с 1с
оплата на сайте тильда	1	1	6	7			False	оплата на сайте
эквайринг бишкек	1	1	6	0	бишкек		False	эквайринг кыргызстан
сколько стоит подключить оплату на сайте	1	1	6	15			False	подключить оплату на сайт
frontend вакансии бишкек	1	1	6	0	бишкек	вакансии/работа	False	frontend разработчик бишкек
react разработчик работа	1	1	6	7		вакансии/работа	False	react разработчик
сео оптимизация бишкек	1	1	6	12	бишкек		False	сео бишкек
доработка сайта на 1с битрикс	1	1	6	14			False	доработка сайта
техподдержка сайта госуслуги	1	1	6	10			False	техподдержка сайта
перенос сайта на другой домен	1	1	6	16			False	перенос сайта
хостинг для сайта визитки	1	1	6	8			False	хостинг для сайта
чем заказная разработка отличается от продуктовой	1	1	6	30			False	заказная разработка
автоматизация склада wms	1	1	6	4			False	автоматизация склада
учет товаров склад онлайн	1	1	6	13			False	учет товаров
erp система для производства	1	1	6	17			False	erp система
сайт 37 школы бишкек	1	1	6	0	бишкек		False	сайт для школы бишкек
сайт для поиска недвижимости в сербии	1	1	6	16			False	сайт для недвижимости
сайт застройщика минск мир	1	1	6	6	минск		False	сайт для застройщика
сайт туроператора алеан	1	1	6	2			False	сайт для туроператора
создать сайт для доставки	1	1	6	8			False	сайт для доставки
приложение для доставки продуктов	1	1	6	10			False	приложение для доставки
сайт ферментация	1	1	6	3			False	сайт для ферм
приложение для бизнеса альфа	1	1	6	6			False	приложение для бизнеса
алча орусча	1	1	6	7			False	алча
alcha алматы	1	1	6	7	алматы		False	alcha
алча перевод на русский	1	1	6	15			False	алча дев
ал арча бишкек	1	1	6	3	бишкек		False	алча бишкек
создание сайтов под ключ красноярск	1	1	7	17			False	создание сайтов кр
разработка сайта для клиники	1	1	7	8			False	разработка сайта для
заказать кыргызстан	1	1	7	3	кыргызстан		False	заказать сайт кр
сайт визитка для дизайнера	1	1	7	10			False	сайт визитка для
лендинг крафт	1	1	7	3			False	лендинг кр
сделать лендинг цена	1	1	7	8			False	лендинг цена
продающий лендинг под ключ	1	1	7	10			False	лендинг под ключ
заказать лендинг москва	1	1	7	7	москва		False	лендинг заказать
лендинг для вебинара	1	1	7	9			False	лендинг для
интернет магазин автозапчастей бишкек	1	1	7	14	бишкек		False	интернет магазин бишкек
тему интернет магазин кыргызстан	1	1	7	5	кыргызстан		False	интернет магазин кыргызстан
интернет магазин кристалл	1	1	7	6			False	интернет магазин кр
интернет магазин выгодная цена	1	1	7	9			False	интернет магазин цена
интернет магазин недорогой бытовой техники и электроники	1	1	7	31			False	интернет магазин недорого
интернет магазин для животных в латвии	1	1	7	18			False	интернет магазин для
программисты	1	1	7	1			True	программист
программист краснодар вакансии	1	1	7	16		вакансии/работа	False	программист кр
программист контракт ош	1	1	7	9	ош		False	программист ош
программист для преисподней	1	1	7	12			False	программист для
crm система для стоматологии	1	1	7	13			False	crm система для
веб приложение для работы с базой данных	1	1	7	22			False	веб приложение для
мобильное приложение на кыргызском языке	1	1	7	9			False	мобильное приложение кыргызстан
мобильное приложение кредит урал банк	1	1	7	14			False	мобильное приложение кр
мобильное приложение salyk kg	1	1	7	0	кг/kg		False	мобильное приложение под ключ
мобильное приложение для voyah free	1	1	7	11			False	мобильное приложение для
разработка приложений для битрикс24	1	1	7	10			False	разработка приложений для
телеграм бот криптовалюты	1	1	7	10			False	телеграм бот кр
чат бот кредит днепр	1	1	7	10			False	чат бот кр
чат бот для вк	1	1	7	3			False	чат бот для
сделать дизайн сайта цена	1	1	7	8			False	дизайн сайта цена
дизайн сайта для портфолио	1	1	7	10			False	дизайн сайта для
сколько стоит под ключ ремонт	1	1	7	2			False	сколько стоит сайт под ключ
сколько стоит сделать сайт для интернет магазина	1	1	7	26			False	сколько стоит сайт для
стоимость аренды сервера для сайта	1	1	7	15			False	стоимость сайта для
цены тильда	1	1	7	0			False	сайт на тильде цена
сайт на тильда это	1	1	7	5		определения	True	сайт на tilda
wordpress бишкек	1	1	7	0	бишкек		False	сайт на wordpress цена
как создать сайт для продажи товаров бесплатно	1	1	7	26		DIY/бесплатно	False	как создать сайт для
как сделать сайт для портфолио	1	1	7	10			False	как сделать сайт для
создать сайт с помощью ии	1	1	7	13		DIY/бесплатно	False	создать сайт
создать сайт обменник криптовалют	1	1	7	18			False	создать сайт кр
создать сайт для поздравления с днем рождения	1	1	7	29			False	создать сайт для
разработка порталов	1	1	7	6			False	разработка по
разработка крестьянской реформы	1	1	7	15			False	разработка по кр
разработка по для промышленности	1	1	7	15			False	разработка по для
разработка программных комплексов	1	1	7	14			False	разработка программ
разработка управляющих программ для станков с чпу	1	1	7	26			False	разработка программ для
amocrm обучение	1	1	7	9		обучение/курсы	False	amocrm
amocrm для стоматологии	1	1	7	13			False	amocrm для
битрикс24 энтерпрайз цена	1	1	7	11			False	битрикс24 цена
маркет битрикс24 стоимость	1	1	7	7			False	битрикс24 стоимость
битрикс24 для мак	1	1	7	4			False	битрикс24 для
1сомдо кимдин суроту бар	1	1	7	22			False	1с
сопровождение 1с бишкек	1	1	7	14	бишкек		False	1с бишкек
1с казахстан скачать бесплатно	1	1	7	17	казахстан	DIY/бесплатно,шаблоны/скачать	False	1с кыргызстан
1с кружок	1	1	7	4			False	1с кр
1с ошибка потока	1	1	7	11			False	1с ош
цена 1с отчетность	1	1	7	11			False	1с цена
1с стоимость клиентских лицензий	1	1	7	20			False	1с стоимость
1с ключ защиты больше недоступен	1	1	7	21			False	1с под ключ
1с бишкек	1	1	7	0	бишкек		False	1с заказать
1с для чайников	1	1	7	9			False	1с для
редизайн сайта на тильде	1	1	7	10			False	редизайн сайта
поддержка сайта с российскими сертификатами	1	1	7	28			False	поддержка сайта
разработчик сайтов это	1	1	7	4		определения	False	разработчик сайтов
сайтама	1	1	7	3			False	сайт
сайт продажи авто кыргызстан	1	1	7	13	кыргызстан		False	сайт кыргызстан
сайт кракен	1	1	7	4			False	сайт кр
сайт ошмянской црб	1	1	7	11			False	сайт ош
сайт ценалом абакан	1	1	7	10			False	сайт цена
одностраничный сайт стоимость	1	1	7	15			False	сайт стоимость
создам сайт недорого	1	1	7	7			False	сайт недорого
digital агентство mst	1	1	7	4			False	digital агентство
рекламное агентство кривой рог	1	1	7	10			False	digital агентство кр
go bus бишкек скачать приложение	1	1	7	6	бишкек	шаблоны/скачать	False	заказать приложение бишкек
создание приложений на python	1	1	7	10		DIY/бесплатно	False	создание приложений
создание приложений для ios с нуля	1	1	7	11		обучение/курсы	False	создание приложений для
b2b portal	1	1	7	0			False	b2b портал
сайт каталог леруа мерлен	1	1	7	13			False	сайт каталог
аскона официальный сайт каталог кровати скидки	1	1	7	31			False	сайт каталог кр
личный кабинет налогоплательщика ип	1	1	7	21			False	личный кабинет
личный кабинет газпром бишкек	1	1	7	8	бишкек		False	личный кабинет бишкек
гринлиф личный кабинет кыргызстан скачать	1	1	7	16	кыргызстан	шаблоны/скачать	False	личный кабинет кыргызстан
личный кабинет кредит плюс	1	1	7	9			False	личный кабинет кр
личный кабинет налогоплательщика ошибка выполните поиск организации	1	1	7	50			False	личный кабинет ош
личный кабинет кр	1	1	7	0	кр		False	личный кабинет под ключ
втб личный кабинет заказать карту	1	1	7	10			False	личный кабинет заказать
личный кабинет для бизнеса почта россии	1	1	7	21			False	личный кабинет для
создание сайтов астана ima kz	1	1	7	12	астана,кз/kz		False	создание сайтов а
создание сайтов брянск	1	1	7	5			False	создание сайтов б
создание сайтов в киеве	1	1	7	6			False	создание сайтов в
создание сайтов киев	1	1	7	3			False	создание сайтов к
создание сайтов на wordpress в молдове	1	1	7	21			False	создание сайтов н
создание сайтов олх	1	1	7	2			False	создание сайтов о
создание сайтов рига	1	1	7	3			False	создание сайтов р
создание сайтов с помощью нейросетей	1	1	7	19		DIY/бесплатно	False	создание сайтов с
создание сайтов таллинн	1	1	7	6			False	создание сайтов т
создание сайтов уроки	1	1	7	4		обучение/курсы	False	создание сайтов у
фриланс создание сайтов на тильде	1	1	7	16			False	создание сайтов ф
создание сайтов черкассы	1	1	7	7			False	создание сайтов ч
разработка сайтов астана cosmo.kz	1	1	7	14	астана		False	разработка сайтов а
разработка сайтов белгород	1	1	7	7			False	разработка сайтов б
разработка сайтов в астане	1	1	7	7	астана		False	разработка сайтов в
разработка сайтов киров	1	1	7	4			False	разработка сайтов к
разработка сайтов мозырь	1	1	7	5			False	разработка сайтов м
разработка сайтов оренбург	1	1	7	7			False	разработка сайтов о
разработка сайтов рф	1	1	7	1			False	разработка сайтов р
разработка сайтов саратов	1	1	7	6			False	разработка сайтов с
разработка сайтов тендер	1	1	7	5			False	разработка сайтов т
сайт аврора заказать	1	1	7	5			False	заказать сайт а
заказать сайт в астане	1	1	7	7	астана		False	заказать сайт в
сайт гибдд заказать справку	1	1	7	12			False	заказать сайт г
заказать сайт москва яндекс услуги	1	1	7	19	москва		False	заказать сайт м
заказать сайт на react	1	1	7	7			False	заказать сайт н
заказать свадебный сайт	1	1	7	8			False	заказать сайт с
заказать через сайт вкусно и точка	1	1	7	19			False	заказать сайт ч
сделать аву сайт	1	1	7	2			False	сделать сайт а
сделать сайт бесплатно тильда	1	1	7	15		DIY/бесплатно	False	сделать сайт б
сделать сайт визитку самому бесплатно	1	1	7	23		DIY/бесплатно	False	сделать сайт в
сайт сделать график	1	1	7	5			False	сделать сайт г
как сделать сайт защищенным	1	1	7	13			False	сделать сайт з
сделать сайт из презентации	1	1	7	13			False	сделать сайт и
как сделать сайт локальным	1	1	7	12			False	сделать сайт л
сделать мини сайт	1	1	7	3			False	сделать сайт м
сделать сайт на телефоне	1	1	7	10		DIY/бесплатно	False	сделать сайт н
сделать сайт онлайн html	1	1	7	10		DIY/бесплатно	False	сделать сайт о
сделать рп сайт	1	1	7	1			False	сделать сайт р
сделать сайт самому бесплатно	1	1	7	15		DIY/бесплатно	False	сделать сайт с
сделать сайт ташкент	1	1	7	6	ташкент/узб		False	сделать сайт т
сделать онлайн минусовку	1	1	7	10			False	сделать сайт у
сайт сделать фото 3 на 4	1	1	7	10			False	сделать сайт ф
сколько стоит сделать хороший сайт	1	1	7	20			False	сделать сайт х
сделать сайт через html	1	1	7	9		DIY/бесплатно	False	сделать сайт ч
сделать сайт	1	1	7	0			False	сделать сайт э
как сайт сделать ярлыком на рабочем столе айфон	1	1	7	33			False	сделать сайт я
сайт визитка амо срм	1	1	7	6			False	сайт визитка а
сайт визитка вакансии	1	1	7	7		вакансии/работа	False	сайт визитка в
сайт визитка как создать	1	1	7	10			False	сайт визитка к
личный сайт визитка	1	1	7	5			False	сайт визитка л
сайт визитка музыканта	1	1	7	8			False	сайт визитка м
сайт визитка на тильде примеры	1	1	7	16		шаблоны/скачать	False	сайт визитка н
сайт визитка отличие от лендинга	1	1	7	18			False	сайт визитка о
сайт визитка пример тильда	1	1	7	12		шаблоны/скачать	False	сайт визитка п
сайт візитка фото	1	1	7	3			False	сайт визитка ф
создание интернет магазина на shopify	1	1	7	9			False	создание интернет магазина н
создание своего интернет магазина	1	1	7	5			False	создание интернет магазина с
веб студия алькор	1	1	7	5			False	веб студия а
веб студія барбарис	1	1	7	7			False	веб студия б
студия web дизайна	1	1	7	6			False	веб студия д
веб студия муравейник	1	1	7	9			False	веб студия м
веб студия польша	1	1	7	5			False	веб студия п
студия web разработки	1	1	7	9			False	веб студия р
веб студия сайт	1	1	7	3			False	веб студия с
веб студия тира	1	1	7	3			False	веб студия т
мдк 01.03 разработка мобильных приложений	1	1	7	8			False	разработка мобильных приложений м
разработка мобильных приложений на kotlin	1	1	7	8			False	разработка мобильных приложений н
разработка мобильных приложений профессионалы	1	1	7	12			False	разработка мобильных приложений п
разработка приложений для мобильных устройств на указанной платформе )	1	1	7	37			False	разработка мобильных приложений у
сколько стоит адрес сайта	1	1	7	5			False	сколько стоит сайт а
сколько стоит сайт визитка под ключ	1	1	7	15			False	сколько стоит сайт в
сколько стоит содержать сайт в год	1	1	7	14			False	сколько стоит сайт г
сколько стоит создать сайт интернет магазина с нуля	1	1	7	31		обучение/курсы	False	сколько стоит сайт и
сколько стоит подключение сайма телеком	1	1	7	19			False	сколько стоит сайт п
сколько стоит сделать сайт визитку	1	1	7	14			False	сколько стоит сайт с
сколько стоит создать сайт в узбекистане	1	1	7	20	ташкент/узб		False	сколько стоит сайт у
сколько стоит сделать сайт с оплатой	1	1	7	16			False	сколько стоит сайт ч
сайт для абитуриентов кфу	1	1	7	15			False	сайт для а
сайт для быстрой печати на клавиатуре	1	1	7	27			False	сайт для б
сайт для вступників	1	1	7	9			False	сайт для в
сайт для генерации видео	1	1	7	14			False	сайт для г
сайт для доната в роблокс	1	1	7	15			False	сайт для д
сайт егэ	1	1	7	0			False	сайт для е
сайт для жеребьевки	1	1	7	9			False	сайт для ж
сайт для записи в поликлинику	1	1	7	19			False	сайт для з
сайт для изменения шрифта	1	1	7	15			False	сайт для и
сайт для кс	1	1	7	1			False	сайт для к
сайт для легит чека	1	1	7	9			False	сайт для л
сайт для монтажа	1	1	7	6			False	сайт для м
сайт для написания книги	1	1	7	14		обучение/курсы	False	сайт для н
сайт для озвучки персонажей	1	1	7	17			False	сайт для о
сайт для пригласительных	1	1	7	14			False	сайт для п
сайт для роста	1	1	7	4			False	сайт для р
сайт для создания приглашения на свадьбу	1	1	7	30			False	сайт для с
сайт для трейдинга	1	1	7	8			False	сайт для т
сайт для удаления аккаунта в тг	1	1	7	21			False	сайт для у
сайт для фильмов	1	1	7	6			False	сайт для ф
сайт для хранения картинок	1	1	7	16			False	сайт для х
сайт для сравнения цен	1	1	7	12			False	сайт для ц
сайт для чертежей онлайн	1	1	7	14			False	сайт для ч
сайт для шаблонов майнкрафт	1	1	7	17		шаблоны/скачать	False	сайт для ш
сайт для эвакуатора	1	1	7	9			False	сайт для э
сайт ютуб	1	1	7	0			False	сайт для ю
сайт яндекс плюс	1	1	7	6			False	сайт для я
создание сайта агрегатора	1	1	7	9			False	создание сайта а
создание сайта беларусь	1	1	7	7			False	создание сайта б
создание сайта в астане	1	1	7	7	астана		False	создание сайта в
создание сайта гайд	1	1	7	3			False	создание сайта г
создание сайта информатика 11 класс	1	1	7	19			False	создание сайта и
создание сайта курс	1	1	7	3		обучение/курсы	False	создание сайта к
создание сайта на локальном компьютере	1	1	7	22			False	создание сайта л
создание сайта оквэд	1	1	7	4			False	создание сайта о
создание сайта под ключ стоимость	1	1	7	17			False	создание сайта п
создание сайта рулетки cs go	1	1	7	12			False	создание сайта р
создание сайта самому	1	1	7	5		DIY/бесплатно	False	создание сайта с
создание сайта в фигме с нуля	1	1	7	13		обучение/курсы	False	создание сайта ф
создание сайта через конструктор	1	1	7	16		DIY/бесплатно	False	создание сайта ч
создание сайта под ключ это	1	1	7	11		определения	False	создание сайта э
создание сайта на языке html	1	1	7	12		DIY/бесплатно	False	создание сайта я
сайт кгуста	1	1	7	4			False	сайт кг
сайт машина кг	1	1	7	7	кг/kg		False	сайт кг
kgm сайт официальный	1	1	7	12			False	сайт .kg
сайт employment kg	1	1	7	10	кг/kg		False	сайт .kg
сайт клиники семейной медицины	1	1	7	14			False	сайт для клиники
crm для гостиничного бизнеса	1	1	7	13			False	crm для бизнеса
мини-crm для малого бизнеса	1	1	7	5			False	crm для малого бизнеса
crm для цветочного магазина	1	1	7	11			False	crm для магазина
разработка телеграм бота алматы	1	1	7	7	алматы		False	разработка телеграм бота
создание телеграм бота с нуля	1	1	7	7		обучение/курсы	False	создание телеграм бота
лучшие it компании для работы	1	1	7	11			False	лучшие it компании
сайт кабинет салык кж	1	1	7	0			False	сайт с личным кабинетом
оптовый интернет магазин женской одежды	1	1	7	15			False	оптовый интернет магазин
b2b платформа аргумент	1	1	7	9			False	b2b платформа
сколько стоит в бишкеке iphone 17	1	1	7	5	бишкек		False	сколько стоит сайт в бишкеке
сколько стоит сделать приложение	1	1	7	0			False	сколько стоит мобильное приложение
сколько стоит настроить crm систему	1	1	7	18			False	сколько стоит crm
сколько стоит лендинг дизайн	1	1	7	7			False	сколько стоит лендинг
сколько стоит разработка телеграм бота	1	1	7	14			False	сколько стоит разработка
интеграция с 1с эвотор	1	1	7	7			False	интеграция с 1с
оплата на сайте эмирейтс	1	1	7	9			False	оплата на сайте
как подключить сбп оплату на сайт	1	1	7	8			False	подключить оплату на сайт
go разработчик бишкек	1	1	7	3	бишкек		False	разработчик бишкек
react разработчик яндекс практикум	1	1	7	17			False	react разработчик
seo аудит сайта бесплатно	1	1	7	10		DIY/бесплатно	False	seo аудит сайта
доработка сайта на opencart	1	1	7	12			False	доработка сайта
техподдержка сайта фнс	1	1	7	4			False	техподдержка сайта
перенос сайта на госвеб	1	1	7	10			False	перенос сайта
хостинг для сайта рф	1	1	7	3			False	хостинг для сайта
разработка чертежей на заказ	1	1	7	6			False	разработка по на заказ
продуктовая и заказная разработка	1	1	7	14			False	заказная разработка
автоматизация склада это	1	1	7	4		определения	False	автоматизация склада
учет товаров в розничной торговле проводки	1	1	7	30			False	учет товаров
erp система 1с	1	1	7	3			False	erp система
сайт 13 школы бишкек	1	1	7	0	бишкек		False	сайт для школы бишкек
сайт для покупки недвижимости в италии	1	1	7	17			False	сайт для недвижимости
сайт застройщика самолет москва	1	1	7	11	москва		False	сайт для застройщика
сайт туроператора интурист	1	1	7	5			False	сайт для туроператора
приложение для доставки купер	1	1	7	6			False	приложение для доставки
сайт фермер ру	1	1	7	1			False	сайт для ферм
приложение подпись для бизнеса	1	1	7	8			False	приложение для бизнеса
алча жк	1	1	7	3			False	алча
alcha фото	1	1	7	5			False	alcha
разработка сайта для транспортной компании	1	1	8	22			False	разработка сайта для
лендинговая страница	1	1	8	13			True	лендинг
краш лендинг он ю	1	1	8	7			False	лендинг кр
landing page цена	1	1	8	5			False	лендинг цена
лендинг на тильде под ключ	1	1	8	10			False	лендинг под ключ
продающий лендинг заказать	1	1	8	10			False	лендинг заказать
лендинг для товарки	1	1	8	8			False	лендинг для
интернет магазин сибирское здоровье кыргызстан	1	1	8	19	кыргызстан		False	интернет магазин кыргызстан
интернет магазин кроп	1	1	8	2			False	интернет магазин кр
купить сайт интернет магазин цена	1	1	8	12			False	интернет магазин цена
интернет магазин недорогой детской одежды для новорожденных	1	1	8	34			False	интернет магазин недорого
интернет магазин для сизо	1	1	8	5			False	интернет магазин для
программист краснодар колледж	1	1	8	15		обучение/курсы	False	программист кр
работа ош программист	1	1	8	7	ош	вакансии/работа	False	программист ош
программист для компьютера	1	1	8	11			False	программист для
crm система для детейлинга	1	1	8	11			False	crm система для
веб приложение для управления задачами	1	1	8	20			False	веб приложение для
мобильное приложение сгк красноярск	1	1	8	12			False	мобильное приложение кр
мобильное приложение для ставок на спорт	1	1	8	16			False	мобильное приложение для
разработка приложений для ios и android	1	1	8	14			False	разработка приложений для
телеграм бот крокодил	1	1	8	6			False	телеграм бот кр
чат бот кредобанк	1	1	8	7			False	чат бот кр
чат бот для общения с персонажами	1	1	8	22			False	чат бот для
дизайн сайта на тильде цена	1	1	8	10			False	дизайн сайта цена
дизайн сайта для мобильных устройств	1	1	8	20			False	дизайн сайта для
сайт на тильда отзывы	1	1	8	8			True	сайт на tilda
как создать сайт для онлайн обучения	1	1	8	16		обучение/курсы	False	как создать сайт для
как сделать сайт для фотографа	1	1	8	10			False	как сделать сайт для
веб студии дизайна	1	1	8	8			False	веб студии
создать сайт с помощью ии бесплатно	1	1	8	23		DIY/бесплатно	False	создать сайт
создать сайт для крмп проекта	1	1	8	14			False	создать сайт кр
создать сайт для приглашения на свадьбу	1	1	8	23			False	создать сайт для
разработка криптовалюты	1	1	8	7			False	разработка по кр
разработка по для банков	1	1	8	7			False	разработка по для
разработка программного обеспечения и devops	1	1	8	25			False	разработка программ
amocrm вакансии	1	1	8	9		вакансии/работа	False	amocrm
amocrm для туризма	1	1	8	8			False	amocrm для
битрикс24 тарифы	1	1	8	7			False	битрикс24
1с-битрикс24 цена	1	1	8	3			False	битрикс24 цена
copilot битрикс24 стоимость	1	1	8	8			False	битрикс24 стоимость
битрикс24 для мебельного производства	1	1	8	24			False	битрикс24 для
1с скачать	1	1	8	8		шаблоны/скачать	False	1с
установка 1с бишкек цена	1	1	8	15	бишкек		False	1с бишкек
1с киргизия	1	1	8	0	кыргызстан		False	1с кыргызстан
1с кредитная история	1	1	8	15			False	1с кр
1с ошибка субд	1	1	8	9			False	1с ош
цена 1с фреш	1	1	8	5			False	1с цена
1с стоимость подписки	1	1	8	9			False	1с стоимость
1с ключ регламентного задания	1	1	8	18			False	1с под ключ
1с для mac os скачать	1	1	8	15		шаблоны/скачать	False	1с для
редизайн сайта пионер	1	1	8	7			False	редизайн сайта
поддержка сайта гто	1	1	8	4			False	поддержка сайта
разработчик сайтов работа	1	1	8	7		вакансии/работа	False	разработчик сайтов
сайт президента кр	1	1	8	14	кр		False	сайт
сайт бишкекского городского суда	1	1	8	21	бишкек		False	сайт бишкек
кыргызстан сайт объявлений	1	1	8	11	кыргызстан		False	сайт кыргызстан
сайт кредитного бюро	1	1	8	13			False	сайт кр
сайт ошибка 502	1	1	8	8			False	сайт ош
сайт цена зерна	1	1	8	6			False	сайт цена
сайт разработка стоимость	1	1	8	11			False	сайт стоимость
создать сайт недорого	1	1	8	8			False	сайт недорого
рекламное агентство	1	1	8	2			False	digital агентство
рекламное агентство краснодар вакансии	1	1	8	18		вакансии/работа	False	digital агентство кр
digital kg	1	1	8	0	кг/kg		False	digital агентство под ключ
заказать приложение apk на android	1	1	8	15			False	заказать приложение
скачать приложение тулпар бишкек	1	1	8	6	бишкек	шаблоны/скачать	False	заказать приложение бишкек
создание приложений баз данных	1	1	8	11			False	создание приложений
онлайн создание приложений для андроид	1	1	8	15			False	создание приложений для
b2b portal in india	1	1	8	9			False	b2b портал
сайт каталог днс	1	1	8	4			False	сайт каталог
кристалл сайт каталог	1	1	8	6			False	сайт каталог кр
фаберлик личный кабинет бишкек	1	1	8	9	бишкек		False	личный кабинет бишкек
личный кабинет фаберлик кыргызстан	1	1	8	9	кыргызстан		False	личный кабинет кыргызстан
личный кабинет крымэкоресурсы	1	1	8	12			False	личный кабинет кр
ростелеком личный кабинет ошибка сервера	1	1	8	23			False	личный кабинет ош
мтс личный кабинет заказать сим карту	1	1	8	14			False	личный кабинет заказать
личный кабинет для модема йота	1	1	8	12			False	личный кабинет для
создание сайтов астана ima	1	1	8	9	астана		False	создание сайтов а
создание сайтов брест	1	1	8	4			False	создание сайтов б
создание сайтов в симферополе	1	1	8	12			False	создание сайтов в
создание доходных сайтов	1	1	8	7			False	создание сайтов д
создание сайтов испания	1	1	8	6			False	создание сайтов и
создание сайтов на тильде обучение бесплатно	1	1	8	27		обучение/курсы,DIY/бесплатно	False	создание сайтов н
создание сайтов оренбург	1	1	8	7			False	создание сайтов о
создание сайтов самара	1	1	8	5			False	создание сайтов с
создание сайтов т банк	1	1	8	5			False	создание сайтов т
разработка сайтов алматы ima	1	1	8	9	алматы		False	разработка сайтов а
разработка сайтов в минске	1	1	8	7	минск		False	разработка сайтов в
разработка сайтов иваново	1	1	8	6			False	разработка сайтов и
разработка сайтов на python	1	1	8	8		DIY/бесплатно	False	разработка сайтов н
разработка сайтов с ии	1	1	8	3		DIY/бесплатно	False	разработка сайтов с
разработка сайтов тверь	1	1	8	4			False	разработка сайтов т
сайт атб заказать книгу сталкер	1	1	8	16		обучение/курсы	False	заказать сайт а
заказать сайт могилев	1	1	8	6			False	заказать сайт м
заказать официальный сайт	1	1	8	10			False	заказать сайт о
заказать простой сайт	1	1	8	6			False	заказать сайт п
заказать суши сайт	1	1	8	3			False	заказать сайт с
сделать айфон сайт	1	1	8	4			False	сделать сайт а
сделать сайт беларусь	1	1	8	7			False	сделать сайт б
сделать сайт в алматы	1	1	8	7	алматы		False	сделать сайт в
сделать готовый сайт	1	1	8	6			False	сделать сайт г
сделать сайт из фото	1	1	8	6			False	сделать сайт и
сделать котика сайт	1	1	8	5			False	сделать сайт к
как сделать любой сайт темным	1	1	8	15			False	сделать сайт л
сайт сделать минус песни	1	1	8	10			False	сделать сайт м
сделать сайт новосибирск	1	1	8	10			False	сделать сайт н
сделать одностраничный сайт самому	1	1	8	20		DIY/бесплатно	False	сделать сайт о
сделать сайт портфолио	1	1	8	8			False	сделать сайт п
сделать ресурспак сайт	1	1	8	8			False	сделать сайт р
сделать сайт самому быстро и бесплатно	1	1	8	24		DIY/бесплатно	False	сделать сайт с
сделать сайт таллинн	1	1	8	6			False	сделать сайт т
сайт сделать футболку	1	1	8	7			False	сделать сайт ф
хочу сделать сайт	1	1	8	3			False	сделать сайт х
сделать сайт через тильду	1	1	8	11			False	сделать сайт ч
как сделать сайт на яндекс кит	1	1	8	16			False	сделать сайт я
сайт визитка агентства недвижимости	1	1	8	21			False	сайт визитка а
сайт візитка безкоштовно	1	1	8	10			False	сайт визитка б
сайт визитка вордпресс	1	1	8	8			False	сайт визитка в
сайт визитка косметолога	1	1	8	10			False	сайт визитка к
лучший сайт визитка	1	1	8	5			False	сайт визитка л
сайт визитка магазина	1	1	8	7			False	сайт визитка м
одностраничный сайт визитка	1	1	8	13			False	сайт визитка о
сайт визитка портфолио	1	1	8	8			False	сайт визитка п
сайт визитка сбербизнес	1	1	8	9			False	сайт визитка с
сайт визитка товара	1	1	8	5			False	сайт визитка т
создание интернет магазина на woocommerce	1	1	8	13			False	создание интернет магазина н
веб ар студия	1	1	8	1			False	веб студия а
веб студия в ташкенте	1	1	8	9	ташкент/узб		False	веб студия в
веб студия макс	1	1	8	3			False	веб студия м
веб студия санкт петербург	1	1	8	14	спб		False	веб студия п
веб студия onelab тоо	1	1	8	9			False	веб студия т
разработка мобильных и веб приложений	1	1	8	4			False	разработка мобильных приложений в
разработка мобильных приложений на андроид	1	1	8	9			False	разработка мобильных приложений н
разработка мобильных приложений под ios	1	1	8	6			False	разработка мобильных приложений п
разработка мультиплатформенного программного обеспечения	1	1	8	23			False	разработка мобильных приложений ф
сколько стоит стим аккаунт сайт	1	1	8	11			False	сколько стоит сайт а
сколько стоит разместить сайт в гугле	1	1	8	17			False	сколько стоит сайт г
сколько стоит захостить сайт	1	1	8	8			False	сколько стоит сайт з
сколько стоит создать сайт и приложение	1	1	8	19			False	сколько стоит сайт и
сколько стоит сделать сайт компании	1	1	8	15			False	сколько стоит сайт к
сколько стоит опубликовать сайт	1	1	8	11			False	сколько стоит сайт о
сколько стоит содержать сайт	1	1	8	8			False	сколько стоит сайт с
сколько стоит сделать сайт в узбекистане	1	1	8	20	ташкент/узб		False	сколько стоит сайт у
сколько стоит разместить сайт на сервере	1	1	8	20			False	сколько стоит сайт ч
сайт для аренды жилья	1	1	8	11			False	сайт для а
сайт для бесплатного просмотра сериалов	1	1	8	29		DIY/бесплатно	False	сайт для б
сайт для взлома	1	1	8	5			False	сайт для в
сайт для грузоперевозок	1	1	8	13			False	сайт для г
сайт для докса	1	1	8	4			False	сайт для д
сайт ефрсб	1	1	8	0			False	сайт для е
сайт для живых обоев	1	1	8	10			False	сайт для ж
сайт для записи к врачу бишкек	1	1	8	20	бишкек		False	сайт для з
сайт для изучения китайского языка	1	1	8	24			False	сайт для и
сайт для коллажей	1	1	8	7			False	сайт для к
сайт для ландшафтного дизайна	1	1	8	19			False	сайт для л
сайт для модов	1	1	8	4			False	сайт для м
сайт для ников	1	1	8	4			False	сайт для н
сайт для озвучки видео	1	1	8	12			False	сайт для о
сайт для поступающих	1	1	8	10			False	сайт для п
сайт для регистрации абитуриентов	1	1	8	23			False	сайт для р
сайт для скачивания музыки	1	1	8	16			False	сайт для с
сайт для текста	1	1	8	5			False	сайт для т
сайт для удаления фона с фото	1	1	8	19			False	сайт для у
сайт для фото	1	1	8	3			False	сайт для ф
сайт для хранения видео	1	1	8	13			False	сайт для х
сайт для сравнения цен на технику	1	1	8	23			False	сайт для ц
сайт для чтения рэпа	1	1	8	10			False	сайт для ч
сайт для шахмат чтобы выиграть	1	1	8	20			False	сайт для ш
сайт для эцп	1	1	8	2			False	сайт для э
сайт ютэйр	1	1	8	0			False	сайт для ю
сайт ясно киев	1	1	8	4			False	сайт для я
создание сайта битрикс24	1	1	8	8			False	создание сайта б
создание сайта в тильде	1	1	8	7			False	создание сайта в
создание сайта на гугл диске	1	1	8	12			False	создание сайта г
создание сайта информатика 9 класс	1	1	8	18			False	создание сайта и
создание сайта картинка	1	1	8	7			False	создание сайта к
создание сайта в локальной сети	1	1	8	15			False	создание сайта л
создание сайта на яндексе	1	1	8	9			False	создание сайта н
создание сайта онлайн html	1	1	8	10		DIY/бесплатно	False	создание сайта о
создание сайта портфолио	1	1	8	8			False	создание сайта п
создание сайта рег ру	1	1	8	5			False	создание сайта р
создание сайта с нуля html	1	1	8	10		обучение/курсы,DIY/бесплатно	False	создание сайта с
создание сайта таплинк	1	1	8	6			False	создание сайта т
создание сайта для учителя бесплатно	1	1	8	20		DIY/бесплатно	False	создание сайта у
создание сайта на тильде фриланс	1	1	8	16			False	создание сайта ф
создание сайта хабр	1	1	8	3			False	создание сайта х
создание сайта челябинск	1	1	8	8			False	создание сайта ч
создание сайта по шаблону бесплатно	1	1	8	19		DIY/бесплатно,шаблоны/скачать	False	создание сайта ш
создание семантического ядра сайта	1	1	8	18			False	создание сайта я
сайт кгту им раззакова	1	1	8	15			False	сайт кг
сайт тс кг	1	1	8	3	кг/kg		False	сайт кг
kgoal сайт	1	1	8	2			False	сайт .kg
сайт фильмов kg	1	1	8	7	кг/kg		False	сайт .kg
домен кг	1	1	8	0	кг/kg		False	домен kg
сайт клиники нуриевых	1	1	8	5			False	сайт для клиники
лучшие crm для бизнеса	1	1	8	7			False	crm для бизнеса
crm для малого и среднего бизнеса	1	1	8	11			False	crm для малого бизнеса
crm система для магазина	1	1	8	8			False	crm для магазина
разработка телеграм бота обучение	1	1	8	9		обучение/курсы	False	разработка телеграм бота
создание телеграм бота python aiogram	1	1	8	15		DIY/бесплатно	False	создание телеграм бота
лучшие it компании екатеринбурга	1	1	8	14			False	лучшие it компании
сайт кабинет салык kg	1	1	8	0	кг/kg		False	сайт с личным кабинетом
оптовый интернет магазин парфюмерии	1	1	8	11			False	оптовый интернет магазин
b2b платформа hktdc sourcing	1	1	8	15			False	b2b платформа
сколько стоит в бишкеке грамм золота	1	1	8	8	бишкек		False	сколько стоит сайт в бишкеке
сколько стоит 1с crm	1	1	8	3			False	сколько стоит crm
сколько стоит открыть интернет магазин в украине	1	1	8	18			False	сколько стоит интернет магазин
сколько стоит лендинг на вордпресс	1	1	8	13			False	сколько стоит лендинг
сколько стоит разработка мобильного приложения	1	1	8	22			False	сколько стоит разработка
интеграция с 1с по api	1	1	8	7			False	интеграция с 1с
оплата на сайте т банк	1	1	8	7			False	оплата на сайте
как подключить оплату каспи на сайт	1	1	8	10			False	подключить оплату на сайт
вакансии разработчик бишкек	1	1	8	9	бишкек	вакансии/работа	False	разработчик бишкек
react разработчик без опыта	1	1	8	10			False	react разработчик
комплексный seo аудит сайта	1	1	8	12			False	seo аудит сайта
доработка сайта это	1	1	8	4		определения	False	доработка сайта
техподдержка сайта гто	1	1	8	4			False	техподдержка сайта
перенос сайта с тильды на хостинг	1	1	8	20			False	перенос сайта
хостинг для сайта html	1	1	8	5		DIY/бесплатно	False	хостинг для сайта
разработка презентаций на заказ	1	1	8	9			False	разработка по на заказ
автоматизация склада на основе штрихкодирования	1	1	8	27			False	автоматизация склада
учет товаров в рознице 1с бухгалтерия	1	1	8	25			False	учет товаров
erp система это примеры	1	1	8	12		определения,шаблоны/скачать	False	erp система
школы бишкек онлайн	1	1	8	0	бишкек		False	сайт для школы бишкек
сайт для покупки недвижимости в германии	1	1	8	19			False	сайт для недвижимости
сайт застройщика москва	1	1	8	3	москва		False	сайт для застройщика
сайт туроператора компас	1	1	8	3			False	сайт для туроператора
сайт доставки газа	1	1	8	1			False	сайт для доставки
приложение для доставки грузов	1	1	8	7			False	приложение для доставки
сайт фермерского хозяйства	1	1	8	13			False	сайт для ферм
приложение лукойл для бизнеса	1	1	8	7			False	приложение для бизнеса
алча деген эмне	1	1	8	11		определения	False	алча
alcha блогер	1	1	8	7			False	alcha
ала арча бишкек адрес	1	1	8	10	бишкек		False	алча бишкек
создание сайтов анапа сайт краснодар рф	1	1	9	21			False	создание сайтов кр
разработка сайта для застройщика	1	1	9	12			False	разработка сайта для
лендинга	1	1	9	1			True	лендинг
краудлендинг	1	1	9	2			False	лендинг кр
одностраничный лендинг цена	1	1	9	15			False	лендинг цена
заказать landing	1	1	9	0			False	лендинг заказать
лендинг для фотографа	1	1	9	10			False	лендинг для
интернет магазин посуды бишкек	1	1	9	7	бишкек		False	интернет магазин бишкек
интернет магазин мебели шатура кыргызстан фото	1	1	9	19	кыргызстан		False	интернет магазин кыргызстан
интернет магазин красный октябрь	1	1	9	13			False	интернет магазин кр
интернет магазин на тильде цена	1	1	9	10			False	интернет магазин цена
chitai gorod ru интернет магазин заказать	1	1	9	16			False	интернет магазин заказать
интернет магазин серебра недорого	1	1	9	8			False	интернет магазин недорого
интернет магазин для мастеров маникюра	1	1	9	18			False	интернет магазин для
программист красноярск университет	1	1	9	20		обучение/курсы	False	программист кр
программист торопился и ошибся в записи	1	1	9	25			False	программист ош
программист для игр	1	1	9	4			False	программист для
crm система для психологов	1	1	9	11			False	crm система для
веб приложение для рисования	1	1	9	10			False	веб приложение для
скачать мобильное приложение красное белое	1	1	9	19		шаблоны/скачать	False	мобильное приложение кр
мобильное приложение для эпд	1	1	9	4			False	мобильное приложение для
разработка приложений для iphone	1	1	9	7			False	разработка приложений для
телеграм бот крестики нолики	1	1	9	13			False	телеграм бот кр
чат бот кременчуг газ	1	1	9	11			False	чат бот кр
чат бот для записи к врачу макс	1	1	9	20			False	чат бот для
дизайн сайта в фигме цена	1	1	9	8			False	дизайн сайта цена
дизайн сайта для школы	1	1	9	6			False	дизайн сайта для
сайт на тильда с нуля	1	1	9	8		обучение/курсы	True	сайт на tilda
как создать сайт для организации бесплатно самому	1	1	9	29		DIY/бесплатно	False	как создать сайт для
как сделать сайт для продаж	1	1	9	7			False	как сделать сайт для
крокус айти компания	1	1	9	4			False	айти компания кр
студии веб разработки	1	1	9	11			False	веб студии
создать сайт на тильде	1	1	9	10			False	создать сайт
создать свой крафт сайт	1	1	9	8			False	создать сайт кр
создать сайт для доната майнкрафт	1	1	9	17			False	создать сайт для
разработка под андроид	1	1	9	9			False	разработка по
разработка криптобиржи	1	1	9	6			False	разработка по кр
разработка по для бас	1	1	9	4			False	разработка по для
разработка программы производственного контроля	1	1	9	28			False	разработка программ
amocrm отзывы	1	1	9	7			False	amocrm
amocrm для юристов	1	1	9	8			False	amocrm для
битрикс24 скачать на пк	1	1	9	14		шаблоны/скачать	False	битрикс24
битрикс24 коробочная версия цена	1	1	9	18			False	битрикс24 цена
кэдо битрикс24 стоимость	1	1	9	5			False	битрикс24 стоимость
битрикс24 для hr	1	1	9	3			False	битрикс24 для
1с предприятие	1	1	9	12			False	1с
1с бухгалтерия бишкек	1	1	9	12	бишкек		False	1с бишкек
1с казахстан учебная версия	1	1	9	14	казахстан		False	1с кыргызстан
1с кратко	1	1	9	4			False	1с кр
1с ошибка недостаточно памяти	1	1	9	24			False	1с ош
цена 1с предприятие 8.3	1	1	9	16			False	1с цена
1с стоимость продуктов	1	1	9	10			False	1с стоимость
1с ключ значение	1	1	9	5			False	1с под ключ
1с для обучения	1	1	9	9		обучение/курсы	False	1с для
поддержка сайта на битрикс	1	1	9	11			False	поддержка сайта
разработчик сайтов курсы	1	1	9	6		обучение/курсы	False	разработчик сайтов
сайт налоговой кр	1	1	9	13	кр		False	сайт
сайт крымэнерго	1	1	9	8			False	сайт кр
сайт ошибка 500	1	1	9	8			False	сайт ош
сайт ценалом минусинск	1	1	9	13			False	сайт цена
тильда сайт стоимость	1	1	9	7			False	сайт стоимость
рекламное агентство москва	1	1	9	9	москва		False	digital агентство
рекламное агентство крым	1	1	9	4			False	digital агентство кр
заказать приложение wildberries	1	1	9	12			False	заказать приложение
wb taxi бишкек скачать приложение	1	1	9	7	бишкек	шаблоны/скачать	False	заказать приложение бишкек
c# создание приложений для windows	1	1	9	11			False	создание приложений для
b2b portal nissan	1	1	9	7			False	b2b портал
валберис сайт каталог официальный	1	1	9	21			False	сайт каталог
крем сайт каталог	1	1	9	2			False	сайт каталог кр
личный кабинет родителя садик	1	1	9	15			False	личный кабинет
гемотест личный кабинет бишкек	1	1	9	9	бишкек		False	личный кабинет бишкек
личный кабинет крымтеплокоммунэнерго симферополь	1	1	9	31			False	личный кабинет кр
личный кабинет налогоплательщика ошибка генерации сертификата	1	1	9	44			False	личный кабинет ош
личный кабинет ккм	1	1	9	0			False	личный кабинет под ключ
т банк личный кабинет заказать карту	1	1	9	13			False	личный кабинет заказать
личный кабинет для поступления в вуз	1	1	9	18			False	личный кабинет для
создание сайтов актау	1	1	9	4			False	создание сайтов а
создание сайтов бесплатно самостоятельно	1	1	9	23		DIY/бесплатно	False	создание сайтов б
создание сайтов воронеж	1	1	9	6			False	создание сайтов в
создание сайтов калининград	1	1	9	10			False	создание сайтов к
создание сайтов на конструкторе	1	1	9	14		DIY/бесплатно	False	создание сайтов н
создание сайтов обучение с нуля	1	1	9	14		обучение/курсы	False	создание сайтов о
создание сайтов тольятти	1	1	9	7			False	создание сайтов т
разработка сайтов астана ima	1	1	9	9	астана		False	разработка сайтов а
разработка сайтов бесплатно	1	1	9	8		DIY/бесплатно	False	разработка сайтов б
разработка сайтов в алматы	1	1	9	7	алматы		True	разработка сайтов в
разработка сайтов иконка	1	1	9	5			False	разработка сайтов и
разработка сайтов караганда	1	1	9	8			False	разработка сайтов к
разработка сайтов онлайн	1	1	9	5			False	разработка сайтов о
разработка и продвижение сайтов россия	1	1	9	19			False	разработка сайтов р
разработка сайтов сочи	1	1	9	3			False	разработка сайтов с
разработка сайтов в чехии	1	1	9	6			False	разработка сайтов ч
сайт где заказать духи	1	1	9	7			False	заказать сайт г
заказать многостраничный сайт	1	1	9	14			False	заказать сайт м
заказать сайт новосибирск	1	1	9	10			False	заказать сайт н
заказать сайт онлайн минск рб	1	1	9	14	минск		False	заказать сайт р
заказать свой сайт	1	1	9	3			False	заказать сайт с
заказать уголь бишкек	1	1	9	6	бишкек		False	заказать сайт у
заказать цветы бишкек	1	1	9	6	бишкек		False	заказать сайт ц
заказать сайт в чехии	1	1	9	6			False	заказать сайт ч
сайт сделать айсберг	1	1	9	6			False	сделать сайт а
сделать сайт в фигме	1	1	9	6			False	сделать сайт в
сделать свой сайт гугл	1	1	9	8			False	сделать сайт г
сделать сайт для сервера майнкрафт	1	1	9	20			False	сделать сайт д
как сделать сайт заглушку	1	1	9	11			False	сделать сайт з
сделать сайт бесплатно ии	1	1	9	11		DIY/бесплатно	False	сделать сайт и
сайт сделать кьюар код	1	1	9	8			False	сделать сайт к
как сделать локальный сайт доступным по сети	1	1	9	30			False	сделать сайт л
сайт сделать музыку	1	1	9	5			False	сделать сайт м
сделать сайт нейросеть	1	1	9	8		DIY/бесплатно	False	сделать сайт н
сделать сайт приглашение бесплатно	1	1	9	20		DIY/бесплатно	False	сделать сайт п
сделать сайт с помощью нейросети бесплатно	1	1	9	28		DIY/бесплатно	False	сделать сайт с
сделать сайт точка банк	1	1	9	9			False	сделать сайт т
сайт сделать фото на паспорт	1	1	9	14			False	сделать сайт ф
сделать бесплатный сайт бесплатном хостинге	1	1	9	29		DIY/бесплатно	False	сделать сайт х
сделать сайт через блокнот	1	1	9	12			False	сделать сайт ч
шаблоны сайтов с регистрацией	1	1	9	15		шаблоны/скачать	False	сделать сайт ш
как сделать сайт на яндекс бизнес	1	1	9	19			False	сделать сайт я
сайт візитка англійською	1	1	9	10			False	сайт визитка а
сайт визитка в фигме	1	1	9	6			False	сайт визитка в
сайт визитка модели	1	1	9	5			False	сайт визитка м
сайт визитка на таплинк	1	1	9	9			False	сайт визитка н
одностраничный сайт визитка пример	1	1	9	20		шаблоны/скачать	False	сайт визитка о
сайт визитка под ключ	1	1	9	7			False	сайт визитка п
веб студия махаон	1	1	9	5			False	веб студия м
веб студия ставрополь	1	1	9	9			False	веб студия с
мисис разработка мобильных и веб приложений	1	1	9	10			False	разработка мобильных приложений в
разработка мобильных приложений на ios	1	1	9	5			False	разработка мобильных приложений н
сколько стоит seo аудит сайта	1	1	9	9			False	сколько стоит сайт а
сколько стоит создать сайт в гугле	1	1	9	14			False	сколько стоит сайт г
сколько стоит зарегистрировать сайт	1	1	9	15			False	сколько стоит сайт з
сколько стоит создать интернет сайт	1	1	9	15			False	сколько стоит сайт и
сколько стоит обслуживать сайт	1	1	9	10			False	сколько стоит сайт о
создать сайт сколько стоит услуга	1	1	9	13			False	сколько стоит сайт у
сколько стоит сделать сайт для салона красоты	1	1	9	25			False	сколько стоит сайт ч
сайт для адопт ми	1	1	9	7			False	сайт для а
сайт для блок бласт решение	1	1	9	17			False	сайт для б
сайт для выбора фильма для двоих	1	1	9	22			False	сайт для в
сайт для генов раст	1	1	9	9			False	сайт для г
сайт для дизайна интерьера	1	1	9	16			False	сайт для д
сайт енбек кз	1	1	9	3	кз/kz		False	сайт для е
сайт для ждуль	1	1	9	4			False	сайт для ж
сайт для знакомства с иностранцами	1	1	9	24			False	сайт для з
сайт для изучения испанского	1	1	9	18			False	сайт для и
сайт для коллекционеров	1	1	9	13			False	сайт для к
сайт для логотипа бесплатно	1	1	9	17		DIY/бесплатно	False	сайт для л
сайт для малышей клавиатура	1	1	9	17			False	сайт для м
сайт для нахождения структур по сиду	1	1	9	26			False	сайт для н
сайт для очистки динамика от воды	1	1	9	23			False	сайт для о
сайт для проверки штрафов	1	1	9	15			False	сайт для п
сайт для рэпа	1	1	9	3			False	сайт для р
сайт для создания презентаций	1	1	9	19			False	сайт для с
сайт для турагентов	1	1	9	9			False	сайт для т
сайт для улучшения качества картинки	1	1	9	26			False	сайт для у
сайт для фристайла со словами	1	1	9	19			False	сайт для ф
сайт для хранения текста	1	1	9	14			False	сайт для х
сайт для определения цвета глаз	1	1	9	21			False	сайт для ц
сайт для чтения манхвы	1	1	9	12			False	сайт для ч
сайт для шаблонов брони майнкрафт	1	1	9	23		шаблоны/скачать	False	сайт для ш
сайт для электрики раст	1	1	9	13			False	сайт для э
сайт ювелирочка	1	1	9	5			False	сайт для ю
сайт ясно днепр	1	1	9	5			False	сайт для я
создание сайта быстро	1	1	9	5			False	создание сайта б
создание сайта в бресте	1	1	9	7			False	создание сайта в
создание сайта из сообщества вк	1	1	9	15			False	создание сайта и
создание сайта караганда	1	1	9	8			False	создание сайта к
создание сайта на 1с битрикс с нуля	1	1	9	19		обучение/курсы	False	создание сайта н
создание сайта одностраничника цена	1	1	9	19			False	создание сайта о
создание сайта по коду	1	1	9	6			False	создание сайта п
создание сайта ресторана	1	1	9	8			False	создание сайта р
создание сайта с нуля с помощью ии	1	1	9	18		обучение/курсы,DIY/бесплатно	False	создание сайта с
создание сайта тюмень	1	1	9	5			False	создание сайта т
создание сайта стоимость услуги	1	1	9	15			False	создание сайта у
создание макета сайта в фигме	1	1	9	13			False	создание сайта ф
создание сайта через гугл	1	1	9	9			False	создание сайта ч
создание сайта для онлайн школы	1	1	9	15			False	создание сайта ш
создание сайта с помощью яндекс директ	1	1	9	22			False	создание сайта я
сайт кгту бишкек	1	1	9	9	бишкек		False	сайт кг
ос кг сайт	1	1	9	3	кг/kg		False	сайт кг
kgoal сайт официальный	1	1	9	14			False	сайт .kg
сайт drko kg	1	1	9	4	кг/kg		False	сайт .kg
сайт клиники фомина	1	1	9	3			False	сайт для клиники
срм для интернет магазина	1	1	9	9			False	crm для магазина
создание телеграм бота на java	1	1	9	8			False	создание телеграм бота
лучшие it компании мира	1	1	9	5			False	лучшие it компании
оптовый интернет магазин sunopt	1	1	9	7			False	оптовый интернет магазин
b2b платформа узбекистан	1	1	9	11	ташкент/узб		False	b2b платформа
сколько стоит в бишкеке poco x7 pro	1	1	9	7	бишкек		False	сколько стоит сайт в бишкеке
сколько стоит разработать мобильное приложение	1	1	9	12		вакансии/работа	False	сколько стоит мобильное приложение
сколько стоит интеграция crm	1	1	9	11			False	сколько стоит crm
сколько стоит сделать интернет магазин на тильде	1	1	9	18			False	сколько стоит интернет магазин
сколько стоит лендинг в фигме	1	1	9	8			False	сколько стоит лендинг
сколько стоит разработка фирменного стиля	1	1	9	17			False	сколько стоит разработка
интеграция с 1с битрикс	1	1	9	8			False	интеграция с 1с
оплата на сайте деловые линии	1	1	9	14			False	оплата на сайте
как подключить оплату криптовалютой на сайт	1	1	9	18			False	подключить оплату на сайт
flutter разработчик бишкек	1	1	9	8	бишкек		False	разработчик бишкек
react разработчик удаленно	1	1	9	9			False	react разработчик
технический seo аудит сайта	1	1	9	12			False	seo аудит сайта
доработок сайта	1	1	9	0			False	доработка сайта
техподдержка сайта ржд	1	1	9	4			False	техподдержка сайта
перенос сайта в фигму	1	1	9	8			False	перенос сайта
хостинг для сайта цена	1	1	9	5			False	хостинг для сайта
разработка курсов на заказ	1	1	9	4		обучение/курсы	False	разработка по на заказ
автоматизация склада с помощью штрих кода	1	1	9	21			False	автоматизация склада
учет товаров на складе программа бесплатно	1	1	9	30		DIY/бесплатно	False	учет товаров
erp система sap	1	1	9	4			False	erp система
сайты школ кыргызстана	1	1	9	1	кыргызстан		False	сайт для школы бишкек
сайт для покупки недвижимости в беларуси	1	1	9	19			False	сайт для недвижимости
сайт застройщика эталон	1	1	9	3			False	сайт для застройщика
сайт туроператора пегас туристик	1	1	9	11			False	сайт для туроператора
сайт доставки из китая	1	1	9	5			False	сайт для доставки
приложение для доставки алкоголя	1	1	9	9			False	приложение для доставки
сайт фермер бай	1	1	9	2			False	сайт для ферм
приложение max для бизнеса	1	1	9	4			False	приложение для бизнеса
алыча пельмени	1	1	9	10			False	алча
alchademy	1	1	9	4			False	alcha
ала арча бишкек кафе	1	1	9	9	бишкек		False	алча бишкек
разработка сайта для турагентства	1	1	10	13			False	разработка сайта для
крутой лендинг	1	1	10	4			False	лендинг кр
купить лендинг цена	1	1	10	7			False	лендинг цена
лендинг для туристического клуба	1	1	10	21			False	лендинг для
интернет магазин stim бишкек	1	1	10	5	бишкек		False	интернет магазин бишкек
интернет магазин в кыргызстане	1	1	10	3	кыргызстан		False	интернет магазин кыргызстан
интернет магазин крафт	1	1	10	3			False	интернет магазин кр
манго интернет магазин как заказать	1	1	10	10			False	интернет магазин заказать
интернет магазин париков недорого	1	1	10	8			False	интернет магазин недорого
интернет магазин для кондитеров в польше	1	1	10	20			False	интернет магазин для
программист кратко	1	1	10	4			False	программист кр
программист ошму	1	1	10	2			False	программист ош
программист для чайников	1	1	10	9			False	программист для
crm система для сто	1	1	10	4			False	crm система для
веб приложение для заметок	1	1	10	8			False	веб приложение для
мобильное приложение службы крови	1	1	10	10			False	мобильное приложение кр
мобильное приложение для бесконтактной оплаты	1	1	10	21			False	мобильное приложение для
разработка приложений для ios на заказ	1	1	10	13			False	разработка приложений для
телеграм бот круглое видео	1	1	10	11			False	телеграм бот кр
чат бот креди агриколь	1	1	10	12			False	чат бот кр
чат бот для ватсап	1	1	10	7			True	чат бот для
дизайн баннера для сайта цена	1	1	10	12			False	дизайн сайта цена
дизайн для сайта	1	1	10	0			False	дизайн сайта для
сколько стоит сделать сайт для магазина	1	1	10	17			False	сколько стоит сайт для
сайт на тильда купить	1	1	10	8			True	сайт на tilda
как создать сайт для дропшиппинга	1	1	10	13			False	как создать сайт для
как сделать сайт удобным стив круг	1	1	10	15			False	как сделать сайт кр
как сделать сайт для бизнеса	1	1	10	8			False	как сделать сайт для
студии веб дизайна россия	1	1	10	15			False	веб студии
создать сайт бесплатно на google	1	1	10	20		DIY/бесплатно	False	создать сайт
создать сайт для записи клиентов	1	1	10	16			False	создать сайт для
разработка подд	1	1	10	2			False	разработка по
разработка криптокошелька	1	1	10	9			False	разработка по кр
разработка по для плк	1	1	10	4			False	разработка по для
разработка программного обеспечения итмо магистратура	1	1	10	34			False	разработка программ
amocrm uz	1	1	10	3			False	amocrm
amocrm для пк	1	1	10	3			False	amocrm для
битрикс24 вход в личный кабинет	1	1	10	22		вход/логин	False	битрикс24
битрикс24 маркет плюс цена	1	1	10	12			False	битрикс24 цена
sip коннектор битрикс24 стоимость	1	1	10	14			False	битрикс24 стоимость
битрикс24 для автосервиса	1	1	10	12			False	битрикс24 для
1см сколько мм	1	1	10	12			False	1с
1с вакансии бишкек	1	1	10	9	бишкек	вакансии/работа	False	1с бишкек
1с казахстан курсы	1	1	10	5	казахстан	обучение/курсы	False	1с кыргызстан
1с краснодар	1	1	10	7			False	1с кр
1с ошибка совместного доступа к файлу	1	1	10	32			False	1с ош
цена 1с контрагент	1	1	10	11			False	1с цена
стоимость 1с бухгалтерия	1	1	10	12			False	1с стоимость
1с ключи аналитики учета номенклатуры	1	1	10	26			False	1с под ключ
1с для макбука	1	1	10	8			False	1с для
редизайн веб сайта	1	1	10	4			False	редизайн сайта
поддержка сайта это	1	1	10	4		определения	False	поддержка сайта
разработчик сайтов на тильде вакансии	1	1	10	19		вакансии/работа	False	разработчик сайтов
сайт бишкекского автовокзала	1	1	10	17	бишкек		False	сайт бишкек
сайт крыша	1	1	10	3			False	сайт кр
сайт ошмянского аграрно экономического колледжа	1	1	10	40		обучение/курсы	False	сайт ош
сайт ценалом шарыпово	1	1	10	12			False	сайт цена
сайт кадастровая стоимость	1	1	10	12			False	сайт стоимость
тов недорого сайт	1	1	10	4			False	сайт недорого
рекламное агентство алматы	1	1	10	9	алматы		False	digital агентство
рекламное агентство крос	1	1	10	4			False	digital агентство кр
скачать приложение глобус бишкек	1	1	10	6	бишкек	шаблоны/скачать	False	заказать приложение бишкек
создание приложений с ии агентами o'reilly	1	1	10	23		DIY/бесплатно	False	создание приложений
создание иконок для приложений	1	1	10	7			False	создание приложений для
b2b portal state farm	1	1	10	11			False	b2b портал
озон сайт каталог товаров	1	1	10	13			False	сайт каталог
карло пазолини официальный сайт каталог красноярск	1	1	10	35			False	сайт каталог кр
личный кабинет сибирское здоровье	1	1	10	19			False	личный кабинет
личный кабинет билимкана бишкек	1	1	10	10	бишкек		False	личный кабинет бишкек
фаберлик личный кабинет кыргызстан скачать	1	1	10	17	кыргызстан	шаблоны/скачать	False	личный кабинет кыргызстан
личный кабинет крымгаз	1	1	10	5			False	личный кабинет кр
личный кабинет налогоплательщика ошибка	1	1	10	22			False	личный кабинет ош
альфа банк личный кабинет заказать карту	1	1	10	17			False	личный кабинет заказать
личный кабинет для оплаты жкх	1	1	10	11			False	личный кабинет для
создание сайтов без программирования	1	1	10	19			False	создание сайтов б
создание сайтов в новосибирске	1	1	10	13			False	создание сайтов в
создание сайтов информатика	1	1	10	10			False	создание сайтов и
создание сайтов конструктор	1	1	10	10		DIY/бесплатно	False	создание сайтов к
создание сайтов в махачкале	1	1	10	10			False	создание сайтов м
создание сайтов нижний новгород	1	1	10	14			False	создание сайтов н
создание сайтов онлайн бесплатно	1	1	10	15		DIY/бесплатно	False	создание сайтов о
создание сайтов на заказ работа	1	1	10	14		вакансии/работа	False	создание сайтов р
создание сайтов севастополь	1	1	10	10			False	создание сайтов с
создание сайтов тараз	1	1	10	4			False	создание сайтов т
создание сайтов в челябинске под ключ	1	1	10	20			False	создание сайтов ч
разработка сайтов авито	1	1	10	4			False	разработка сайтов а
разработка сайтов брянск	1	1	10	5			False	разработка сайтов б
разработка сайтов в бресте	1	1	10	7			False	разработка сайтов в
разработка сайтов и лендингов	1	1	10	10			False	разработка сайтов и
разработка сайтов курсы	1	1	10	4		обучение/курсы	False	разработка сайтов к
разработка сайтов стоимость	1	1	10	8			False	разработка сайтов с
веб дизайн и разработка сайтов что это	1	1	10	19		определения	False	разработка сайтов ч
заказать сайт в краснодаре	1	1	10	11			False	заказать сайт в
сайт где заказать книгу	1	1	10	8		обучение/курсы	False	заказать сайт г
аврора сайт заказать онлайн	1	1	10	12			False	заказать сайт о
сайт ржд заказать билеты	1	1	10	9			False	заказать сайт р
уклон заказать через сайт	1	1	10	10			False	заказать сайт ч
сделать аромат сайт	1	1	10	5			False	сделать сайт а
сделать сайт бесплатно самому	1	1	10	15		DIY/бесплатно	False	сделать сайт б
сделать веб сайт	1	1	10	2			False	сделать сайт в
как сделать сайт громче	1	1	10	9			False	сделать сайт г
сделать сайт для компании	1	1	10	11			False	сделать сайт д
как сделать сайт защищенным тильда	1	1	10	20			False	сделать сайт з
как сделать сайт иконкой на айфоне	1	1	10	20			False	сделать сайт и
сделать коллаж сайт	1	1	10	5			False	сделать сайт к
как сделать лендинговый сайт	1	1	10	14			False	сделать сайт л
сделать мобильный сайт	1	1	10	8			False	сделать сайт м
сделать сайт на таплинк	1	1	10	9			False	сделать сайт н
как сделать сайт общедоступным	1	1	10	16			False	сделать сайт о
сделать сайт приглашение на свадьбу онлайн бесплатно	1	1	10	38		DIY/бесплатно	False	сделать сайт п
сделать сайт с помощью нейросети	1	1	10	18		DIY/бесплатно	False	сделать сайт с
сделать телефон сайт	1	1	10	6			False	сделать сайт т
как сделать сайт форум	1	1	10	8			False	сделать сайт ф
как сделать сайт в хроме	1	1	10	10			False	сделать сайт х
сделать сайт через нейронку	1	1	10	13			False	сделать сайт ч
шаблоны сайтов для школы	1	1	10	10		шаблоны/скачать	False	сделать сайт ш
авито сайт визитка	1	1	10	4			False	сайт визитка а
сайт визитка компании пример	1	1	10	14		шаблоны/скачать	False	сайт визитка к
сайт визитка мебель	1	1	10	5			False	сайт визитка м
сайт визитка на html	1	1	10	6		DIY/бесплатно	False	сайт визитка н
сайт-визитка перевод	1	1	10	6			False	сайт визитка п
сайт визитка севастополь	1	1	10	10			False	сайт визитка с
веб студия в стерлитамаке	1	1	10	13			False	веб студия в
веб студия купить	1	1	10	5			False	веб студия к
hr союз веб студия отзывы	1	1	10	13			False	веб студия о
разработка мобильных приложений на котлин	1	1	10	8			False	разработка мобильных приложений к
разработка мобильных приложений на c#	1	1	10	4			False	разработка мобильных приложений н
сколько стоит сайт в тильде	1	1	10	7			False	сколько стоит сайт в
сколько стоит сайт на тильде в год	1	1	10	14			False	сколько стоит сайт г
сколько стоит разместить сайт в интернете	1	1	10	21			False	сколько стоит сайт и
сколько стоит сделать сайт каталог	1	1	10	14			False	сколько стоит сайт к
сколько стоит оформить сайт	1	1	10	7			False	сколько стоит сайт о
сколько стоит сделать сайт в украине	1	1	10	16			False	сколько стоит сайт с
сколько стоит сделать сайт с платежной системой	1	1	10	27			False	сколько стоит сайт ч
сайт для автомехаников	1	1	10	12			False	сайт для а
сайт для бесплатных робуксов	1	1	10	18		DIY/бесплатно	False	сайт для б
сайт для ввода промокодов фк мобайл	1	1	10	25			False	сайт для в
сайт для гифок	1	1	10	4			False	сайт для г
сайт для дубляжа	1	1	10	6			False	сайт для д
сайт еэк	1	1	10	0			False	сайт для е
сайт для женатых мужчин	1	1	10	13			False	сайт для ж
сайт для заработка денег	1	1	10	14			False	сайт для з
сайт для измерения роста и веса	1	1	10	21			False	сайт для и
сайт для косметологов	1	1	10	11			False	сайт для к
сайт для лайвкодинга	1	1	10	10			False	сайт для л
сайт для моделирования комнаты	1	1	10	20			False	сайт для м
сайт для натальной карты	1	1	10	14			False	сайт для н
сайт для отслеживания самолётов	1	1	10	21			False	сайт для о
сайт для проверки скорости интернета	1	1	10	26			False	сайт для п
сайт для робуксов	1	1	10	7			False	сайт для р
сайт для создания музыки	1	1	10	14			False	сайт для с
сайт для тестов	1	1	10	5			False	сайт для т
сайт для учебы	1	1	10	4			False	сайт для у
сайт для фото по ссылке	1	1	10	13			False	сайт для ф
сайт для художников самоучек	1	1	10	18			False	сайт для х
сайт для подбора цветовой палитры	1	1	10	23			False	сайт для ц
сайт для чтения комиксов	1	1	10	14			False	сайт для ч
сайт для шакала фото	1	1	10	10			False	сайт для ш
сайт для электронных птс	1	1	10	14			False	сайт для э
сайт юла	1	1	10	0			False	сайт для ю
сайт яндекс музыка	1	1	10	8			False	сайт для я
создание сайта для агентства недвижимости	1	1	10	25			False	создание сайта а
создание сайта в блокноте	1	1	10	9			False	создание сайта в
создание сайта на госвеб	1	1	10	8			False	создание сайта г
создание сайта и раскрутка	1	1	10	10			False	создание сайта и
создание сайта калининград	1	1	10	10			False	создание сайта к
создание сайта на яндекс кит	1	1	10	12			False	создание сайта н
создание сайта образовательной организации	1	1	10	26			False	создание сайта о
создание сайта по промту	1	1	10	8			False	создание сайта п
создание сайта россия	1	1	10	5			False	создание сайта р
создание сайта с помощью claude	1	1	10	15			False	создание сайта с
создание сайта бухгалтерский учет	1	1	10	17			False	создание сайта у
создание дизайна сайта в фигме	1	1	10	14			False	создание сайта ф
создание сайта что нужно знать	1	1	10	14			False	создание сайта ч
сайт кгмиипк	1	1	10	5			False	сайт кг
kgma сайт	1	1	10	1			False	сайт .kg
сайт 24 kg	1	1	10	2	кг/kg		False	сайт .kg
сайт клиники екатерининская	1	1	10	11			False	сайт для клиники
амо срм для бизнеса	1	1	10	4			False	crm для бизнеса
создать сайт на вордпресс с нуля	1	1	10	15		обучение/курсы	False	сайт на wordpress
crm для интернет магазина украина	1	1	10	17			False	crm для магазина
разработка телеграм бота купить	1	1	10	7			False	разработка телеграм бота
создание телеграм бота онлайн	1	1	10	7			False	создание телеграм бота
лучшие it компании казахстана	1	1	10	11	казахстан		False	лучшие it компании
оптовый интернет магазин одежды крапива в украине	1	1	10	25			False	оптовый интернет магазин
b2b платформа wildberries	1	1	10	12			False	b2b платформа
сколько стоит в бишкеке бензин	1	1	10	2	бишкек		False	сколько стоит сайт в бишкеке
сколько стоит подключить crm	1	1	10	11			False	сколько стоит crm
сколько стоит разработать интернет магазин	1	1	10	12		вакансии/работа	False	сколько стоит интернет магазин
сколько стоит лендинг в украине	1	1	10	10			False	сколько стоит лендинг
сколько стоит разработка сайта интернет магазина	1	1	10	24			False	сколько стоит разработка
интеграция с 1с предприятие	1	1	10	12			False	интеграция с 1с
оплата на сайте автодор	1	1	10	8			False	оплата на сайте
как подключить оплату на свой сайт	1	1	10	9			False	подключить оплату на сайт
backend разработчик бишкек	1	1	10	8	бишкек		False	разработчик бишкек
react разработчик москва	1	1	10	7	москва		False	react разработчик
seo аудит бесплатно	1	1	10	10		DIY/бесплатно	False	seo аудит
как провести seo аудит сайта	1	1	10	13			False	seo аудит сайта
техподдержка сайта эсф	1	1	10	4			False	техподдержка сайта
перенос сайта на wordpress	1	1	10	13			False	перенос сайта
хостинг для сайта украина	1	1	10	8			False	хостинг для сайта
разработка кд на заказ	1	1	10	0			False	разработка по на заказ
автоматизация склада запчастей	1	1	10	10			False	автоматизация склада
учет товаров фсбу 5 2019	1	1	10	12			False	учет товаров
erp система украина	1	1	10	8			False	erp система
сайт для агентов недвижимости	1	1	10	8			False	сайт для недвижимости
сайт застройщика лср	1	1	10	0			False	сайт для застройщика
сайт туроператора русь	1	1	10	1			False	сайт для туроператора
сайт доставки воды	1	1	10	1			False	сайт для доставки
приложение для доставки еды в грозном	1	1	10	14			False	приложение для доставки
сайт фермеров россии	1	1	10	7			False	сайт для ферм
приложение приват24 для бизнеса	1	1	10	9			False	приложение для бизнеса
алчанын пайдасы жана зыяны	1	1	10	22			False	алча
alcharge	1	1	10	3			False	alcha
крафтум создание сайтов	1	1	11	5			False	создание сайтов кр
разработка сайта для психолога	1	1	11	10			False	разработка сайта для
как сделать сайт для сервера майнкрафт	1	1	11	22			False	сделать сайт для
креативный лендинг	1	1	11	8			False	лендинг кр
лендинг дизайн цена	1	1	11	7			False	лендинг цена
лендинг для инстаграм	1	1	11	10			False	лендинг для
landing page inspiration	1	1	11	12			True	landing page
afm интернет магазин бишкек	1	1	11	4	бишкек		False	интернет магазин бишкек
интернет магазин крокид	1	1	11	4			False	интернет магазин кр
интернет магазин мебели с ценами	1	1	11	11			False	интернет магазин цена
тему интернет магазин как заказать	1	1	11	9			False	интернет магазин заказать
интернет магазин пижамы недорого	1	1	11	7			False	интернет магазин недорого
интернет магазин для парикмахеров	1	1	11	13			False	интернет магазин для
программист криптограф	1	1	11	8			False	программист кр
программист для создания игр	1	1	11	13			False	программист для
crm система для логистики	1	1	11	10			False	crm система для
веб приложение для управления проектами	1	1	11	21			False	веб приложение для
скачать мобильное приложение красноярскэнергосбыт	1	1	11	26		шаблоны/скачать	False	мобильное приложение кр
мобильное приложение для водителей этрн	1	1	11	15			False	мобильное приложение для
телеграм бот крипта	1	1	11	4			False	телеграм бот кр
чат бот криптовалюта	1	1	11	10			False	чат бот кр
чат бот для изучения английского	1	1	11	21			False	чат бот для
дизайн для сайта онлайн	1	1	11	7			False	дизайн сайта для
сколько стоит сайтотек	1	1	11	4			True	сколько стоит сайт
сколько стоит сделать сайт для психолога	1	1	11	18			False	сколько стоит сайт для
сайт на тильда создать	1	1	11	9			True	сайт на tilda
как создать сайт для доставки еды	1	1	11	13			False	как создать сайт для
как сделать сайт для салона красоты	1	1	11	16			False	как сделать сайт кр
студии веб дизайна вакансии	1	1	11	17		вакансии/работа	False	веб студии
создать сайт онлайн	1	1	11	7			False	создать сайт
разработка красивой подписи	1	1	11	11			False	разработка по кр
разработка по для автомобилей	1	1	11	12			False	разработка по для
разработка программного обеспечения оквэд	1	1	11	22			False	разработка программ
amocrm logo	1	1	11	5			False	amocrm
amocrm для телефона	1	1	11	9			False	amocrm для
битрикс24 кз вход	1	1	11	8	кз/kz	вход/логин	False	битрикс24
sip коннектор битрикс24 цена	1	1	11	14			False	битрикс24 цена
битрикс24 enterprise hrm стоимость	1	1	11	15			False	битрикс24 стоимость
битрикс24 для малого бизнеса	1	1	11	15			False	битрикс24 для
1с фреш вход	1	1	11	10		вход/логин	False	1с
1с программа бишкек	1	1	11	10	бишкек		False	1с бишкек
1с казахстан купить	1	1	11	6	казахстан		False	1с кыргызстан
1с критерии отбора связанные документы запрос	1	1	11	40			False	1с кр
1с ошибка инициализации модуля	1	1	11	25			False	1с ош
цена 1с управление торговлей	1	1	11	21			False	1с цена
стоимость 1с фреш	1	1	11	5			False	1с стоимость
1с ключпараметровпечати	1	1	11	12			False	1с под ключ
1с для автосервиса	1	1	11	12			False	1с для
как сделать редизайн сайта	1	1	11	12			False	редизайн сайта
разработчик сайтов и приложений	1	1	11	13			False	разработчик сайтов
сайтотек для чего	1	1	11	13			False	сайт
бишкексут сайт	1	1	11	3	бишкек		False	сайт бишкек
сайт красный крест	1	1	11	11			False	сайт кр
сайт ошибка 403	1	1	11	8			False	сайт ош
сайт цена аккаунта стим	1	1	11	14			False	сайт цена
сайт под ключ недорого	1	1	11	9			False	сайт недорого
рекламное агентство вакансии	1	1	11	11		вакансии/работа	False	digital агентство
рекламное агентство креон	1	1	11	5			False	digital агентство кр
заказать приложение яндекс такси	1	1	11	13			False	заказать приложение
мой свет бишкек скачать приложение	1	1	11	8	бишкек	шаблоны/скачать	False	заказать приложение бишкек
создание приложений на android для начинающих	1	1	11	22		обучение/курсы	False	создание приложений для
b2b portal stellantis	1	1	11	11			False	b2b портал
1688 сайт каталог на русском	1	1	11	16			False	сайт каталог
аврора сайт каталог товаров кривой рог	1	1	11	23			False	сайт каталог кр
личный кабинет сайма телеком	1	1	11	14			False	личный кабинет
билайн личный кабинет бишкек	1	1	11	7	бишкек		False	личный кабинет бишкек
фаберлик личный кабинет кыргызстан войти	1	1	11	15	кыргызстан	вход/логин	False	личный кабинет кыргызстан
личный кабинет кредиска	1	1	11	6			False	личный кабинет кр
мтс личный кабинет ошибка получения данных	1	1	11	25			False	личный кабинет ош
личный кабинет для корпоративных клиентов мегафон	1	1	11	31			False	личный кабинет для
создание сайтов без кода	1	1	11	7			False	создание сайтов б
создание сайтов в бресте	1	1	11	7			False	создание сайтов в
создание сайтов инстаграм	1	1	11	8			False	создание сайтов и
создание веб сайтов в молдове	1	1	11	12			False	создание сайтов м
создание сайтов на тильде обучение	1	1	11	17		обучение/курсы	False	создание сайтов н
создание сайтов отзывы	1	1	11	5			False	создание сайтов о
создание сайтов сша	1	1	11	2			False	создание сайтов с
создание сайтов тильда вакансии	1	1	11	14		вакансии/работа	False	создание сайтов т
создание сайтов набережные челны	1	1	11	15			False	создание сайтов ч
разработка сайтов алматы cosmoweb	1	1	11	14	алматы		False	разработка сайтов а
разработка сайтов бобруйск	1	1	11	7			False	разработка сайтов б
разработка сайтов на webflow	1	1	11	9			False	разработка сайтов н
разработка одностраничных сайтов	1	1	11	13			False	разработка сайтов о
разработка сайтов студия	1	1	11	5			False	разработка сайтов с
заказать с амазона в бишкек	1	1	11	12	бишкек		False	заказать сайт а
заказать трафик на сайт бесплатно	1	1	11	18		DIY/бесплатно	False	заказать сайт б
заказать сайт в израиле	1	1	11	8			False	заказать сайт в
сайт где заказать витамины	1	1	11	11			False	заказать сайт г
maag сайт заказать онлайн	1	1	11	10			False	заказать сайт о
заказать сайт санкт петербург	1	1	11	14	спб		False	заказать сайт п
сайт росреестра заказать выписку из егрн	1	1	11	25			False	заказать сайт р
заказать сайт для стоматологии	1	1	11	15			False	заказать сайт с
китайский сайт заказать товар	1	1	11	14			False	заказать сайт т
заказ центр	1	1	11	0			False	заказать сайт ц
заказать такси через сайт	1	1	11	10			False	заказать сайт ч
сделать анимацию сайт	1	1	11	7			False	сделать сайт а
сделать сайт битрикс	1	1	11	6			False	сделать сайт б
сайт сделать вишлист	1	1	11	6			False	сделать сайт в
сделать сайт дешево	1	1	11	5			False	сделать сайт д
как сделать сайт избранным в сафари	1	1	11	21			True	сделать сайт и
сделать многостраничный сайт	1	1	11	14			False	сделать сайт м
сделать сайт на яндексе	1	1	11	9			False	сделать сайт н
как сделать сайт рабочим	1	1	11	10			False	сделать сайт р
сделать сайт с нуля	1	1	11	5		обучение/курсы	False	сделать сайт с
сайт сделать тест	1	1	11	3			False	сделать сайт т
сделать сайт по фото нейросеть	1	1	11	16		DIY/бесплатно	False	сделать сайт ф
как сделать сайт без хостинга	1	1	11	15			False	сделать сайт х
сделать сайт через т банк	1	1	11	11			False	сделать сайт ч
сайт візитка вартість	1	1	11	7			False	сайт визитка в
сайт визитка кондитера	1	1	11	8			False	сайт визитка к
сайт визитка преподавателя	1	1	11	12			False	сайт визитка п
сайт визитка с контактами	1	1	11	11			False	сайт визитка с
сайт визитка что такое	1	1	11	8		определения	False	сайт визитка т
американская веб студия	1	1	11	11			False	веб студия а
веб студія вінниця	1	1	11	6			False	веб студия в
разработка мобильных приложений на 1с	1	1	11	4			False	разработка мобильных приложений н
сколько стоит перевести сайт на английский язык	1	1	11	27			False	сколько стоит сайт а
сколько стоит сайт в россии	1	1	11	7			False	сколько стоит сайт в
сколько стоит сделать сайт для гостиницы	1	1	11	20			False	сколько стоит сайт г
сколько стоит запустить сайт на тильде	1	1	11	18			False	сколько стоит сайт з
сколько стоит наполнить сайт контентом	1	1	11	18			False	сколько стоит сайт к
сколько стоит опубликовать сайт на тильде	1	1	11	21			False	сколько стоит сайт о
сайт для анимации 2d	1	1	11	10			False	сайт для а
сайт для впо	1	1	11	2			False	сайт для в
сайт для голоса	1	1	11	5			False	сайт для г
сайт для драфтов дота 2	1	1	11	13			False	сайт для д
сайт енпф	1	1	11	0			False	сайт для е
сайт для желаний от богатых людей	1	1	11	23			False	сайт для ж
сайт для загрузки видео	1	1	11	13			False	сайт для з
сайт для измерения имт	1	1	11	12			False	сайт для и
сайт для караоке	1	1	11	6			False	сайт для к
сайт для лазерной резки	1	1	11	13			False	сайт для л
сайт для маникюра	1	1	11	7			False	сайт для м
сайт для настройки клавиатуры	1	1	11	19			False	сайт для н
сайт для оценки лица	1	1	11	10			False	сайт для о
сайт для проверки лекарств доказанной эффективностью	1	1	11	42			False	сайт для п
сайт для репетиторов	1	1	11	10			False	сайт для р
сайт для создания логотипа	1	1	11	16			False	сайт для с
сайт для тренировки аима	1	1	11	14			False	сайт для т
сайт для удаленной работы	1	1	11	15			False	сайт для у
сайт для фотошопа	1	1	11	7			False	сайт для ф
сайт для хоста сервера майнкрафт	1	1	11	22			False	сайт для х
сайт для сравнения цен в аптеках	1	1	11	22			False	сайт для ц
сайт для чтения книг на английском	1	1	11	24		обучение/курсы	False	сайт для ч
сайт для штрих кодов	1	1	11	10			False	сайт для ш
сайт для электронных пригласительных	1	1	11	26			False	сайт для э
сайт юрия подоляка	1	1	11	8			False	сайт для ю
сайт я плакал	1	1	11	3			False	сайт для я
создание сайта на английском	1	1	11	12			False	создание сайта а
создание сайта битрикс	1	1	11	6			False	создание сайта б
создание сайта в алматы	1	1	11	7	алматы		False	создание сайта в
создание сайта на гитхабе	1	1	11	9			False	создание сайта г
создание сайта искусственный интеллект	1	1	11	22			False	создание сайта и
создание сайта косгу	1	1	11	4			False	создание сайта к
создание сайта на битриксе	1	1	11	10			False	создание сайта н
создание сайта пошагово	1	1	11	7			False	создание сайта п
создание рекламного сайта	1	1	11	9			False	создание сайта р
создание сайта с claude	1	1	11	7			False	создание сайта с
создание сайта таллинн	1	1	11	6			False	создание сайта т
фрилансеры создание сайта	1	1	11	9			False	создание сайта ф
создание сайта чат gpt	1	1	11	6			False	создание сайта ч
тему сайт бишкек	1	1	11	5	бишкек		False	сайт бишкек
сайт казахстан халкына	1	1	11	7	казахстан		False	сайт кыргызстан
сайт кгюа	1	1	11	2			False	сайт кг
kgallery сайт	1	1	11	5			False	сайт .kg
сайт аквалаб kg	1	1	11	7	кг/kg		False	сайт .kg
сайт клиники будь здоров	1	1	11	8			False	сайт для клиники
crm для мебельного бизнеса	1	1	11	11			False	crm для бизнеса
как сделать сайт через ии	1	1	11	9		DIY/бесплатно	False	как сделать сайт
crm для продуктового магазина	1	1	11	13			False	crm для магазина
создание телеграм бота обучение	1	1	11	9		обучение/курсы	False	создание телеграм бота
лучшие it компании россии 2025	1	1	11	12			False	лучшие it компании
оптовый интернет магазин пряжи	1	1	11	6			False	оптовый интернет магазин
b2b платформа для продавцов	1	1	11	14			False	b2b платформа
сколько стоит в бишкеке iphone 15 про макс	1	1	11	14	бишкек		False	сколько стоит сайт в бишкеке
сколько стоит установить crm систему	1	1	11	19			False	сколько стоит crm
сколько стоит дизайн интернет магазина	1	1	11	8			False	сколько стоит интернет магазин
сколько стоит лендинг у дизайнера	1	1	11	12			False	сколько стоит лендинг
сколько стоит разработка визитки	1	1	11	8			False	сколько стоит разработка
интеграция с 1с бухгалтерия	1	1	11	12			False	интеграция с 1с
оплата на сайте островок	1	1	11	9			False	оплата на сайте
как подключить оплату картой на сайте	1	1	11	12			False	подключить оплату на сайт
c# разработчик бишкек	1	1	11	3	бишкек		False	разработчик бишкек
react разработчик яндекс	1	1	11	7			False	react разработчик
seo аудит страницы	1	1	11	9			False	seo аудит
техподдержка сайта мвд	1	1	11	4			False	техподдержка сайта
перенос сайта на другой хостинг цена	1	1	11	23			False	перенос сайта
хостинг для сайта wordpress	1	1	11	10			False	хостинг для сайта
разработка устройств на заказ	1	1	11	7			False	разработка по на заказ
автоматизация склада тсд	1	1	11	4			False	автоматизация склада
учет товаров переданных на ответственное хранение	1	1	11	37			False	учет товаров
erp система обучение	1	1	11	9		обучение/курсы	False	erp система
сайт для покупки недвижимости в испании	1	1	11	18			False	сайт для недвижимости
сайт застройщика фск	1	1	11	0			False	сайт для застройщика
сайт туроператора санмар	1	1	11	3			False	сайт для туроператора
сайт доставки сдэк	1	1	11	1			False	сайт для доставки
приложение для доставки еды в казахстане	1	1	11	17	казахстан		False	приложение для доставки
сайт фермерских продуктов	1	1	11	12			False	сайт для ферм
приложение для ведения бизнеса	1	1	11	8			False	приложение для бизнеса
алча орусча аталышы	1	1	11	15			False	алча
alchatgpt	1	1	11	4		DIY/бесплатно	False	alcha
разработка сайта для онлайн школы	1	1	12	13			False	разработка сайта для
краш лендинг	1	1	12	2			False	лендинг кр
лендинг тильда цена	1	1	12	7			False	лендинг цена
лендинг для юриста	1	1	12	7			False	лендинг для
интернет магазин косметики бишкек	1	1	12	10	бишкек		False	интернет магазин бишкек
интернет магазин красивая грядка	1	1	12	13			False	интернет магазин кр
интернет магазин на wordpress цена	1	1	12	13			False	интернет магазин цена
интернет магазин сумок недорого	1	1	12	6			False	интернет магазин недорого
интернет магазин для рукоделия	1	1	12	10			False	интернет магазин для
программист кропивницкий	1	1	12	10			False	программист кр
программист для авто	1	1	12	5			False	программист для
crm система для цветочного магазина	1	1	12	20			False	crm система для
веб приложение для айфона	1	1	12	7			False	веб приложение для
скачать мобильное приложение кредит европа банк	1	1	12	24		шаблоны/скачать	False	мобильное приложение кр
мобильное приложение для офлайн аудиокниг baza-knig	1	1	12	27		обучение/курсы	False	мобильное приложение для
разработка приложений для linux	1	1	12	6			False	разработка приложений для
телеграм бот кружок из видео	1	1	12	13			False	телеграм бот кр
телеграм бот для скачивания книг	1	1	12	16		обучение/курсы	True	телеграм бот для
чат бот кредит	1	1	12	4			False	чат бот кр
чат бот для бизнеса	1	1	12	8			False	чат бот для
дизайн для сайта в фигме	1	1	12	8			False	дизайн сайта для
сколько стоит сделать сайт для продаж	1	1	12	15			False	сколько стоит сайт для
как создать сайт для интернет магазина	1	1	12	18			False	как создать сайт для
как сделать красивый гугл сайт	1	1	12	11		DIY/бесплатно	False	как сделать сайт кр
как сделать сайт видимым для поисковиков	1	1	12	20			False	как сделать сайт для
студии веб дизайна спб	1	1	12	12	спб		False	веб студии
создать сайт приглашение на свадьбу	1	1	12	23			False	создать сайт
создать сайт для приглашения на свидание	1	1	12	24			False	создать сайт для
разработка полезных ископаемых	1	1	12	17			False	разработка по
разработка криптообменника	1	1	12	10			False	разработка по кр
разработка по для медицины	1	1	12	9			False	разработка по для
разработка программного обеспечения инфокоммуникационных сетей и систем	1	1	12	52			False	разработка программ
amocrm login	1	1	12	6		вход/логин	False	amocrm
amocrm для windows	1	1	12	8			False	amocrm для
битрикс24 лого	1	1	12	5			False	битрикс24
битрикс24 корпоративный портал цена	1	1	12	21			False	битрикс24 цена
битрикс24 коробочная версия стоимость	1	1	12	18			False	битрикс24 стоимость
битрикс24 для юристов	1	1	12	8			False	битрикс24 для
1с коннект скачать	1	1	12	16		шаблоны/скачать	False	1с
1с казахстан сайт	1	1	12	4	казахстан		False	1с кыргызстан
1с критический объем памяти процессов	1	1	12	32			False	1с кр
1с ошибка при запуске приложения	1	1	12	27			False	1с ош
цена 1с erp	1	1	12	4			False	1с цена
стоимость 1с отчетность	1	1	12	11			False	1с стоимость
1с ключи доступа к объектам	1	1	12	16			False	1с под ключ
1с для mac os	1	1	12	7			False	1с для
бриф на редизайн сайта	1	1	12	8			False	редизайн сайта
поддержка сайта на wordpress	1	1	12	13			False	поддержка сайта
разработчик сайтов фриланс	1	1	12	8			False	разработчик сайтов
сайт краснодар	1	1	12	7			False	сайт кр
сайт ошмянский вестник	1	1	12	15			False	сайт ош
сайт ценаломе	1	1	12	4			False	сайт цена
сайт ржд стоимость билетов	1	1	12	12			False	сайт стоимость
кухни недорого сайт	1	1	12	6			False	сайт недорого
рекламное агентство минск	1	1	12	8	минск		False	digital агентство
рекламное агентство краматорск	1	1	12	10			False	digital агентство кр
заказать приложение такси	1	1	12	6			False	заказать приложение
скачать приложение куликовский бишкек	1	1	12	11	бишкек	шаблоны/скачать	False	заказать приложение бишкек
создание иконок для приложений онлайн	1	1	12	14			False	создание приложений для
b2b portal bosch	1	1	12	6			False	b2b портал
1688 сайт каталог	1	1	12	5			False	сайт каталог
сайт леруа мерлен краснодар каталог	1	1	12	20			False	сайт каталог кр
личный кабинет госуслуги войти	1	1	12	16		вход/логин	False	личный кабинет
гербалайф личный кабинет кыргызстан	1	1	12	10	кыргызстан		False	личный кабинет кыргызстан
личный кабинет крымгазсети симферополь	1	1	12	21			False	личный кабинет кр
личный кабинет налогоплательщика ошибка авторизации через госуслуги	1	1	12	50			False	личный кабинет ош
личный кабинет для бизнеса т2	1	1	12	11			False	личный кабинет для
создание сайтов атырау	1	1	12	5			False	создание сайтов а
создание сайтов баку	1	1	12	3			False	создание сайтов б
создание сайтов варшава	1	1	12	6			False	создание сайтов в
создание сайтов на джанго	1	1	12	8			False	создание сайтов д
создание сайтов в израиле	1	1	12	8			False	создание сайтов и
создание сайтов киров	1	1	12	4			False	создание сайтов к
мотор создание сайтов	1	1	12	4			False	создание сайтов м
создание сайтов на битрикс	1	1	12	9			False	создание сайтов н
создание сайтов саратов	1	1	12	6			False	создание сайтов с
создание сайтов тверь	1	1	12	4			False	создание сайтов т
разработка сайтов автозапчастей	1	1	12	12			False	разработка сайтов а
разработка бизнес сайтов	1	1	12	5			False	разработка сайтов б
разработка сайтов в молдове	1	1	12	8			False	разработка сайтов в
разработка веб сайтов по и его тестирование	1	1	12	24			False	разработка сайтов и
разработка сайтов костанай	1	1	12	7			False	разработка сайтов к
молния разработка сайтов	1	1	12	5			False	разработка сайтов м
разработка сайтов на modx	1	1	12	6			False	разработка сайтов н
разработка веб сайтов обучение	1	1	12	11		обучение/курсы	False	разработка сайтов о
разработка веб сайтов ташкент	1	1	12	10	ташкент/узб		False	разработка сайтов т
заказать алкоголь бишкек	1	1	12	9	бишкек		False	заказать сайт а
сайт беларусбанка заказать карту	1	1	12	17			False	заказать сайт б
заказать сайт в германии	1	1	12	9			False	заказать сайт в
заказать сайт нижний новгород	1	1	12	14			False	заказать сайт н
зара сайт заказать одежду	1	1	12	10			False	заказать сайт о
заказать вкусно и точка сайт	1	1	12	13			False	заказать сайт т
uklon заказать через сайт	1	1	12	10			False	заказать сайт ч
как сделать сайт адаптивным	1	1	12	13			False	сделать сайт а
сделать веб сайт бесплатно	1	1	12	12		DIY/бесплатно	False	сделать сайт в
как сделать сайт гитхаб	1	1	12	9			False	сделать сайт г
сделать сайт для портфолио	1	1	12	12			False	сделать сайт д
как сделать чтобы сайт забыл меня	1	1	12	19			False	сделать сайт з
как сделать сайт из фигмы	1	1	12	11			False	сделать сайт и
сайт сделать виш лист	1	1	12	7			False	сделать сайт л
сделать сайт на битриксе	1	1	12	10			False	сделать сайт н
как сделать сайт отдельным приложением	1	1	12	24			False	сделать сайт о
сделать сайт пригласительное	1	1	12	14			False	сделать сайт п
сайт сделать таблицу	1	1	12	6			False	сделать сайт т
сделать сайт из файла	1	1	12	7			False	сделать сайт ф
сделать сайт через вк	1	1	12	7			False	сделать сайт ч
сайт визитка на англ	1	1	12	6			False	сайт визитка а
сайт визитка киев	1	1	12	3			False	сайт визитка к
сайт визитка на яндексе	1	1	12	9			False	сайт визитка н
односторінковий сайт візитка	1	1	12	14			False	сайт визитка о
сайт визитка программиста пример	1	1	12	18		шаблоны/скачать	False	сайт визитка п
лендинг и сайт визитка разница	1	1	12	16			False	сайт визитка р
сайт визитка симферополь	1	1	12	10			False	сайт визитка с
аэро веб студия	1	1	12	3			False	веб студия а
веб студия кемерово	1	1	12	7			False	веб студия к
веб студия саратов	1	1	12	6			False	веб студия с
разработка мобильных приложений на javascript	1	1	12	12			False	разработка мобильных приложений н
разработка мобильных приложений в системе 1с предприятие 8.3	1	1	12	27			False	разработка мобильных приложений п
сколько стоит создать сайт в алматы	1	1	12	15	алматы		False	сколько стоит сайт а
сколько стоит сделать сайт в 2026 году	1	1	12	18			False	сколько стоит сайт г
сколько стоит заказать сайт визитку	1	1	12	15			False	сколько стоит сайт з
сколько стоит сделать сайт в израиле	1	1	12	16			False	сколько стоит сайт и
сколько стоит одностраничный сайт визитка	1	1	12	21			False	сколько стоит сайт о
сколько стоит создать сайт в беларуси	1	1	12	17			False	сколько стоит сайт с
сколько стоит создать сайт с курсами	1	1	12	16		обучение/курсы	False	сколько стоит сайт ч
сайт для айтишников	1	1	12	9			False	сайт для а
сайт для блок схем	1	1	12	8			False	сайт для б
сайт для вишлиста на др с бронированием	1	1	12	29			False	сайт для в
сайт для генерации карточек товара	1	1	12	24			False	сайт для г
сайт для днд	1	1	12	2			False	сайт для д
сайт европочта	1	1	12	4			False	сайт для е
сайт для женщин обо всем	1	1	12	14			False	сайт для ж
сайт для загрузки видео по ссылке	1	1	12	23			False	сайт для з
сайт для изучения кыргызского языка	1	1	12	25			False	сайт для и
сайт для кодов в роблокс	1	1	12	14			False	сайт для к
сайт для людей з інвалідністю	1	1	12	19			False	сайт для л
сайт для моггеров	1	1	12	7			False	сайт для м
сайт для настройки роутера tp-link	1	1	12	24			False	сайт для н
сайт для озвучки моментов из фильмов	1	1	12	26			False	сайт для о
сайт для покупки робуксов	1	1	12	15			False	сайт для п
сайт для рэпа с рифмой	1	1	12	12			False	сайт для р
сайт для создания пригласительных	1	1	12	23			False	сайт для с
сайт для трейдов	1	1	12	6			False	сайт для т
сайт для ухудшения качества картинки	1	1	12	26			False	сайт для у
сайт для фотографа бесплатно	1	1	12	18		DIY/бесплатно	False	сайт для ф
сайт для химических реакций	1	1	12	17			False	сайт для х
сайт цб рф	1	1	12	0			False	сайт для ц
сайт для чистки клавиатуры	1	1	12	16			False	сайт для ч
сайт для шахматистов	1	1	12	10			False	сайт для ш
сайт для электронных пригласительных на свадьбу	1	1	12	37			False	сайт для э
сайт юургу	1	1	12	0			False	сайт для ю
сайт яндекс маркет	1	1	12	8			False	сайт для я
создание сайта бесплатно онлайн	1	1	12	15		DIY/бесплатно	False	создание сайта б
создание сайта в германии	1	1	12	9			False	создание сайта в
создание сайта на геткурс	1	1	12	9		обучение/курсы	False	создание сайта г
создание сайта инструкция	1	1	12	9			False	создание сайта и
создание сайта код	1	1	12	2			False	создание сайта к
создание сайта обучение бесплатно	1	1	12	17		обучение/курсы,DIY/бесплатно	False	создание сайта о
создание сайта прага	1	1	12	4			False	создание сайта п
создание сайта своими руками	1	1	12	12		DIY/бесплатно	False	создание сайта р
создание сайта с нуля обучение	1	1	12	14		обучение/курсы	False	создание сайта с
создание сайта точка	1	1	12	4			False	создание сайта т
создание сайта через ai	1	1	12	7			False	создание сайта ч
сайт знакомств бишкек бесплатно	1	1	12	20	бишкек	DIY/бесплатно	False	сайт бишкек
сайт казахстан темир жолы купить билет	1	1	12	23	казахстан		False	сайт кыргызстан
сайт кгс	1	1	12	1			False	сайт кг
сайт кгма кафедры	1	1	12	10			False	сайт кг
kgb сайт	1	1	12	0			False	сайт .kg
сайт ubr kg	1	1	12	3	кг/kg		False	сайт .kg
сайт клиники здоровье	1	1	12	5			False	сайт для клиники
лендинг энд финанс контакты	1	1	12	20			True	лендинг
интернет магазин аптека ру	1	1	12	10			False	интернет магазин
что такое crm для бизнеса	1	1	12	10		определения	False	crm для бизнеса
чат бот ии	1	1	12	3		DIY/бесплатно	False	чат бот
crm для каспи магазина	1	1	12	6			False	crm для магазина
разработка телеграм бота python цена	1	1	12	12		DIY/бесплатно	False	разработка телеграм бота
создание телеграм бота на заказ	1	1	12	9			False	создание телеграм бота
лучшие it компании спб	1	1	12	4	спб		False	лучшие it компании
оптовый интернет магазин косметики	1	1	12	10			False	оптовый интернет магазин
b2b платформа alibaba com	1	1	12	12			False	b2b платформа
сколько стоит в бишкеке квартиры	1	1	12	4	бишкек		False	сколько стоит сайт в бишкеке
сколько стоит открыть интернет магазин одежды	1	1	12	15			False	сколько стоит интернет магазин
сколько стоит landing page	1	1	12	5			False	сколько стоит лендинг
сколько стоит разработка киберпанк	1	1	12	10			False	сколько стоит разработка
интеграция с 1с т бизнес	1	1	12	9			False	интеграция с 1с
оплата на сайте как называется	1	1	12	15			False	оплата на сайте
как подключить оплату apple pay на сайте	1	1	12	15			False	подключить оплату на сайт
golang разработчик бишкек	1	1	12	7	бишкек		False	разработчик бишкек
react разработчик резюме	1	1	12	7		вакансии/работа	False	react разработчик
seo audit	1	1	12	0			False	seo аудит
техподдержка сайта сфр	1	1	12	4			False	техподдержка сайта
перенос сайта рег ру	1	1	12	7			False	перенос сайта
хостинг для сайта с доменом	1	1	12	10			False	хостинг для сайта
разработка программ на заказ	1	1	12	6			False	разработка по на заказ
автоматизация склада готовой продукции	1	1	12	18			False	автоматизация склада
erp система odoo	1	1	12	5			False	erp система
сайт для покупки недвижимости в сербии	1	1	12	17			False	сайт для недвижимости
сайт застройщика свой дом	1	1	12	5			False	сайт для застройщика
сайт туроператора корал тревел	1	1	12	9			False	сайт для туроператора
сайт доставки dpd	1	1	12	0			False	сайт для доставки
приложение для доставки работа	1	1	12	7		вакансии/работа	False	приложение для доставки
сайт фермеров беларуси	1	1	12	9			False	сайт для ферм
приложение сдэк для бизнеса	1	1	12	5			False	приложение для бизнеса
алчалуу	1	1	12	3			False	алча
alcohol	1	1	12	2			False	alcha
разработка дизайна для сайта	1	1	13	8			False	разработка сайта для
сколько стоит сделать крутой сайт	1	1	13	18			False	сделать сайт кр
красивый лендинг пример	1	1	13	13		шаблоны/скачать	False	лендинг кр
лендинг для мобильного приложения	1	1	13	22			False	лендинг для
интернет магазин в бишкеке женской одежды	1	1	13	18	бишкек		False	интернет магазин бишкек
интернет магазин крок	1	1	13	2			False	интернет магазин кр
создать сайт интернет магазин цена	1	1	13	13			False	интернет магазин цена
интернет магазин сантехники недорого	1	1	13	11			False	интернет магазин недорого
интернет магазин для новорожденных	1	1	13	14			False	интернет магазин для
программист краткое сообщение	1	1	13	15			False	программист кр
программист для чпу	1	1	13	4			False	программист для
crm система для сервисного центра	1	1	13	18			False	crm система для
веб приложение для проведения интерактивных опросов	1	1	13	33			False	веб приложение для
мобильное приложение хоум кредит банк	1	1	13	14			False	мобильное приложение кр
мобильное приложение для водителей сбис	1	1	13	15			False	мобильное приложение для
разработка приложений для туризма	1	1	13	8			False	разработка приложений для
телеграм бот кружочки из видео	1	1	13	15			False	телеграм бот кр
телеграм бот для поиска информации о человеке	1	1	13	29			True	телеграм бот для
чат бот крокодил	1	1	13	6			False	чат бот кр
чат бот для авито	1	1	13	6			False	чат бот для
дизайн для сайта визитки	1	1	13	8			False	дизайн сайта для
сколько стоит сделать сайт для доставки еды	1	1	13	21			False	сколько стоит сайт для
сайт tilda ws	1	1	13	0			True	сайт на tilda
как создать сайт для интернет магазина бесплатно	1	1	13	28		DIY/бесплатно	False	как создать сайт для
как сделать круг в майнкрафте сайт	1	1	13	15			False	как сделать сайт кр
как сделать сайт доступным для всех	1	1	13	15			False	как сделать сайт для
web studio ai	1	1	13	3			False	веб студии
создать сайт с телефона бесплатно	1	1	13	21		DIY/бесплатно	False	создать сайт
создать сайт для свадьбы	1	1	13	8			False	создать сайт для
разработка пос	1	1	13	1			False	разработка по
разработка креативов	1	1	13	4			False	разработка по кр
разработка по для монтажа	1	1	13	8			False	разработка по для
разработка программных продуктов урфу	1	1	13	18			False	разработка программ
amocrm скачать на пк	1	1	13	14		шаблоны/скачать	False	amocrm
amocrm для детейлинга	1	1	13	11			False	amocrm для
битрикс24 партнеры	1	1	13	9			False	битрикс24
битрикс24 для айфона	1	1	13	7			False	битрикс24 для
1с като экономикс	1	1	13	15			False	1с
ярос 1с бишкек	1	1	13	5	бишкек		False	1с бишкек
1с казахстан поддержка	1	1	13	9	казахстан		False	1с кыргызстан
1с критерии отбора связанные документы	1	1	13	33			False	1с кр
1с ошибка связывания с хранилищем конфигурации	1	1	13	41			False	1с ош
цена 1с розница	1	1	13	8			False	1с цена
стоимость 1с предприятие	1	1	13	12			False	1с стоимость
1с ключ программы больше недоступен	1	1	13	24			False	1с под ключ
1с для разработчиков скачать	1	1	13	22		шаблоны/скачать	False	1с для
договор на редизайн сайта	1	1	13	11			False	редизайн сайта
поддержка сайта иви	1	1	13	4			False	поддержка сайта
разработчик сайтов на битрикс	1	1	13	11			False	разработчик сайтов
сайт гнс кр	1	1	13	7	кр		False	сайт
бишкекгаз сайт	1	1	13	3	бишкек		False	сайт бишкек
сайт крокид	1	1	13	4			False	сайт кр
сайт ошо	1	1	13	1			False	сайт ош
сайт цена лома	1	1	13	5			False	сайт цена
сайт лендинг стоимость	1	1	13	8			False	сайт стоимость
сайт заказать суши	1	1	13	5			False	сайт заказать
створити сайт недорого	1	1	13	9			False	сайт недорого
рекламное агентство спб	1	1	13	6	спб		False	digital агентство
рекламное агентство красноярск вакансии	1	1	13	19		вакансии/работа	False	digital агентство кр
заказать приложение альфа	1	1	13	6			False	заказать приложение
бимар бишкек приложение скачать	1	1	13	5	бишкек	шаблоны/скачать	False	заказать приложение бишкек
b2b portal renault	1	1	13	8			False	b2b портал
син сайт каталог	1	1	13	4			False	сайт каталог
сайт леруа мерлен красноярск каталог	1	1	13	21			False	сайт каталог кр
личный кабинет налогоплательщика кр	1	1	13	21	кр		False	личный кабинет
личный кабинет родителя бишкек	1	1	13	9	бишкек		False	личный кабинет бишкек
орифлейм личный кабинет кыргызстан	1	1	13	9	кыргызстан		False	личный кабинет кыргызстан
личный кабинет кредит 7	1	1	13	6			False	личный кабинет кр
вход в личный кабинет ошка	1	1	13	9		вход/логин	False	личный кабинет ош
личный кабинет для инн отсутствует или формируется	1	1	13	32			False	личный кабинет для
создание сайтов в германии	1	1	13	9			False	создание сайтов в
создание сайтов с помощью ии бесплатно	1	1	13	21		DIY/бесплатно	False	создание сайтов и
мегагрупп создание сайтов	1	1	13	8			False	создание сайтов м
создание сайтов на html	1	1	13	6		DIY/бесплатно	False	создание сайтов н
создание сайтов окэд	1	1	13	3			False	создание сайтов о
работа создание сайтов на тильде	1	1	13	15		вакансии/работа	False	создание сайтов р
создание сайтов стоимость	1	1	13	8			False	создание сайтов с
создание сайтов тула	1	1	13	3			False	создание сайтов т
разработка сайтов 1с битрикс	1	1	13	9			False	разработка сайтов б
разработка сайтов в гродно	1	1	13	7			False	разработка сайтов в
ип разработка сайтов	1	1	13	1			False	разработка сайтов и
разработка сайтов кемерово	1	1	13	7			False	разработка сайтов к
разработка сайтов на php	1	1	13	5			False	разработка сайтов н
разработка сайтов йошкар ола	1	1	13	9			False	разработка сайтов о
разработка сайтов сургут	1	1	13	5			False	разработка сайтов с
разработка сайтов под ключ томск	1	1	13	13			False	разработка сайтов т
заказать сайт владивосток	1	1	13	10			False	заказать сайт в
сайт очкарик заказать линзы	1	1	13	12			False	заказать сайт о
заказать сайт в праге	1	1	13	6			False	заказать сайт п
сайт ржд заказать справку	1	1	13	10			False	заказать сайт р
мтс сайт заказать сим карту	1	1	13	12			False	заказать сайт с
как заказать через сайт 1688	1	1	13	13			False	заказать сайт ч
как сделать сайт агрегатор	1	1	13	12			False	сделать сайт а
сделать сайт брест	1	1	13	4			False	сделать сайт б
сайт сделать видео из фото	1	1	13	12			False	сделать сайт в
сделать сайт в германии	1	1	13	9			False	сделать сайт г
сделать сайт для продажи одежды	1	1	13	17			False	сделать сайт д
как сделать чтобы сайт запомнил пароль	1	1	13	24			False	сделать сайт з
сделать сайт онлайн ии	1	1	13	8		DIY/бесплатно	False	сделать сайт и
как сделать сайт не локальным	1	1	13	15			False	сделать сайт л
сделать сайт на html	1	1	13	6		DIY/бесплатно	False	сделать сайт н
как сделать сайт онлайн магазин	1	1	13	17			False	сделать сайт о
сделать сайт приглашение на день рождения бесплатно	1	1	13	37		DIY/бесплатно	False	сделать сайт п
сделать сайт с нуля бесплатно	1	1	13	15		обучение/курсы,DIY/бесплатно	False	сделать сайт с
сделать сайт для фирмы	1	1	13	8			False	сделать сайт ф
сделать сайт через конструктор	1	1	13	16		DIY/бесплатно	False	сделать сайт ч
веб сайт визитка	1	1	13	2			False	сайт визитка в
сайт визитка кафе	1	1	13	3			False	сайт визитка к
сайт визитка название	1	1	13	7			False	сайт визитка н
сайт визитка скачать	1	1	13	6		шаблоны/скачать	False	сайт визитка с
студия астра веб	1	1	13	4			False	веб студия а
веб студия курсор	1	1	13	5		обучение/курсы	False	веб студия к
веб студия сокол максим	1	1	13	11			False	веб студия м
студія веб розробки	1	1	13	7			False	веб студия р
веб студия слон	1	1	13	3			False	веб студия с
разработка мобильных приложений нто	1	1	13	2			False	разработка мобильных приложений н
сколько стоит купить адрес сайта	1	1	13	12			False	сколько стоит сайт а
сколько стоит сайт в беларуси	1	1	13	9			False	сколько стоит сайт в
сколько стоит создать сайт казино	1	1	13	13			False	сколько стоит сайт к
сколько стоит отредактировать сайт	1	1	13	14			False	сколько стоит сайт о
сколько стоит создать сайт в казахстане	1	1	13	19	казахстан		False	сколько стоит сайт с
сколько стоит сделать сайт в среднем	1	1	13	16			False	сколько стоит сайт ч
сайт для анимации 3д моделей	1	1	13	18			False	сайт для а
сайт для бронирования туров	1	1	13	17			False	сайт для б
сайт для вырезания фона	1	1	13	13			False	сайт для в
сайт для графиков	1	1	13	7			False	сайт для г
сайт для доната в рб	1	1	13	10			False	сайт для д
сайт егов	1	1	13	0			False	сайт для е
сайт покупок для женщин	1	1	13	13			False	сайт для ж
сайт для заполнения миграционной карты в китай	1	1	13	36			False	сайт для з
сайт для игр	1	1	13	2			False	сайт для и
сайт для кроссвордов	1	1	13	10			False	сайт для к
сайт для лечения битых пикселей	1	1	13	21			False	сайт для л
сайт для мм2 валюты	1	1	13	9			False	сайт для м
сайт для нахождения портала в энд	1	1	13	23			False	сайт для н
сайт для озвучки аниме	1	1	13	12			False	сайт для о
сайт для проверки айфона	1	1	13	14			False	сайт для п
сайт для работы	1	1	13	5			False	сайт для р
сайт для создания игр бесплатно	1	1	13	21		DIY/бесплатно	False	сайт для с
сайт для тренировки фристайла	1	1	13	19			False	сайт для т
сайт для угадывания музыки	1	1	13	16			False	сайт для у
сайт для фанфиков	1	1	13	7			False	сайт для ф
сайт для художників	1	1	13	9			False	сайт для х
сайт цб	1	1	13	0			False	сайт для ц
сайт для чтения qr кодов	1	1	13	14			False	сайт для ч
сайт для школьников беларусь	1	1	13	18			False	сайт для ш
сайт эпл для проверки айфона	1	1	13	18			False	сайт для э
сайт юникло	1	1	13	1			False	сайт для ю
сайт якутского городского суда	1	1	13	20			False	сайт для я
создание сайта на wordpress от а до я	1	1	13	21			False	создание сайта а
создание сайта без программирования	1	1	13	19			False	создание сайта б
создание сайта в wordpress	1	1	13	10			False	создание сайта в
создание сайта на платформе гугл	1	1	13	16			False	создание сайта г
создание сайта индивидуальный проект	1	1	13	20			False	создание сайта и
создание сайта конструктор бесплатно	1	1	13	20		DIY/бесплатно	False	создание сайта к
создание сайта от сбера	1	1	13	7			False	создание сайта о
создание сайта пригласительного	1	1	13	15			False	создание сайта п
создание сайта с нуля тильда	1	1	13	12		обучение/курсы	False	создание сайта с
узнать создание сайта	1	1	13	5			False	создание сайта у
создание сайта через битрикс	1	1	13	12			False	создание сайта ч
сайт казахстан тв	1	1	13	2	казахстан		False	сайт кыргызстан
сайт кгу	1	1	13	1			False	сайт кг
сайт oc kg	1	1	13	2	кг/kg		False	сайт .kg
создание лендинга с нуля	1	1	13	7		обучение/курсы	False	создание лендинга
сайт клиники пирогова	1	1	13	5			False	сайт для клиники
лендинг страница	1	1	13	9			True	лендинг
seo продвижение информационного сайта	1	1	13	22			False	seo продвижение
crm для розничного магазина	1	1	13	11			False	crm для магазина
разработка чат бота телеграм	1	1	13	4			False	разработка телеграм бота
создание телеграм бота бесплатно	1	1	13	10		DIY/бесплатно	False	создание телеграм бота
лучшие it компании москвы	1	1	13	7	москва		False	лучшие it компании
оптовый интернет магазин обуви	1	1	13	6			False	оптовый интернет магазин
b2b платформа россия	1	1	13	7			False	b2b платформа
сколько стоит в бишкеке двухкомнатная квартира	1	1	13	18	бишкек		False	сколько стоит сайт в бишкеке
сколько стоит создать интернет магазин сайт	1	1	13	13			False	сколько стоит интернет магазин
сколько стоит сделать лендинг	1	1	13	8			False	сколько стоит лендинг
сколько стоит разработка дизайна визитки	1	1	13	16			False	сколько стоит разработка
интеграция с 1с битрикс24	1	1	13	10			False	интеграция с 1с
оплата на сайте пегасус	1	1	13	8			False	оплата на сайте
вакансии frontend разработчик бишкек	1	1	13	18	бишкек	вакансии/работа	False	разработчик бишкек
разработчик react native	1	1	13	7			False	react разработчик
seo audit tools	1	1	13	6			False	seo аудит
техподдержка сайта мамба	1	1	13	6			False	техподдержка сайта
перенос сайта на тильду	1	1	13	10			False	перенос сайта
хостинг для сайта рейтинг	1	1	13	8			False	хостинг для сайта
разработка mvp на заказ	1	1	13	1			False	разработка по на заказ
автоматизация склада программа	1	1	13	10			False	автоматизация склада
erp система для малого бизнеса	1	1	13	19			False	erp система
сайт для поиска недвижимости в испании	1	1	13	17			False	сайт для недвижимости
сайт застройщика союз	1	1	13	1			False	сайт для застройщика
сайт туроператора русский экспресс	1	1	13	13			False	сайт для туроператора
сайт доставки пятерочка	1	1	13	6			False	сайт для доставки
приложение для доставки магнит	1	1	13	7			False	приложение для доставки
сайт ферма херсон	1	1	13	4			False	сайт для ферм
приложение 2гис для бизнеса	1	1	13	5			False	приложение для бизнеса
алыча тесто для манты	1	1	13	17			False	алча
auchan	1	1	13	1			False	alcha
создание сайта киев цена	1	1	14	5			False	создание сайта цена
разработка документов для сайта	1	1	14	11			False	разработка сайта для
лендинговая страница это	1	1	14	17		определения	True	лендинг
красивые лендинг сайты	1	1	14	12			False	лендинг кр
лендинг для приложения	1	1	14	11			False	лендинг для
afm интернет магазин бишкек отзывы	1	1	14	11	бишкек		False	интернет магазин бишкек
интернет магазин крепежа	1	1	14	5			False	интернет магазин кр
интернет магазин с низкими ценами	1	1	14	12			False	интернет магазин цена
интернет магазин кухни недорого	1	1	14	6			False	интернет магазин недорого
интернет магазин для кондитеров спб	1	1	14	15	спб		False	интернет магазин для
программист криптовалюты	1	1	14	10			False	программист кр
программист рисунок для детей	1	1	14	14			False	программист для
crm система для рекрутинга	1	1	14	11			False	crm система для
ватсап веб приложение для пк	1	1	14	10			False	веб приложение для
мобильное приложение сгк красноярск скачать	1	1	14	20		шаблоны/скачать	False	мобильное приложение кр
мобильное приложение для монтажа видео	1	1	14	14			False	мобильное приложение для
телеграм бот криптокошелек	1	1	14	11			False	телеграм бот кр
телеграм бот для скачивания фильмов	1	1	14	19			True	телеграм бот для
чат бот кристина 16+	1	1	14	10			False	чат бот кр
чат бот для молодых специалистов	1	1	14	21			False	чат бот для
дизайн для сайта html	1	1	14	5		DIY/бесплатно	False	дизайн сайта для
сколько стоит сделать сайт для онлайн школы	1	1	14	21			False	сколько стоит сайт для
как удалить сайт на tilda	1	1	14	12			True	сайт на tilda
мультиязычный сайт на wordpress без плагинов	1	1	14	27			True	сайт на wordpress
как создать сайт для продажи товаров украина	1	1	14	24			False	как создать сайт для
как сделать кр код на сайт	1	1	14	7	кр		False	как сделать сайт кр
как сделать сайт с донатом для сервера майнкрафт	1	1	14	28			False	как сделать сайт для
web studio 9	1	1	14	2			False	веб студии
создать сайт самому	1	1	14	7		DIY/бесплатно	False	создать сайт
создать сайт для кафе	1	1	14	5			False	создать сайт для
разработка подписи онлайн	1	1	14	12			False	разработка по
разработка критериев	1	1	14	4			False	разработка по кр
разработка по для беспилотников	1	1	14	14			False	разработка по для
разработка программно-информационных систем кем работать	1	1	14	37		вакансии/работа	False	разработка программ
amocrm mcp	1	1	14	4			False	amocrm
amocrm для интернет магазина	1	1	14	18			False	amocrm для
битрикс24 обучение	1	1	14	9		обучение/курсы	False	битрикс24
битрикс24 для бухгалтерии	1	1	14	12			False	битрикс24 для
1с это	1	1	14	4		определения	False	1с
1с программирование бишкек	1	1	14	17	бишкек		False	1с бишкек
1с казахстан обучение	1	1	14	8	казахстан	обучение/курсы	False	1с кыргызстан
1с краткий гайд	1	1	14	10			False	1с кр
1с ошибка получения характеристик принтера	1	1	14	37			False	1с ош
цена 1с бухгалтерия проф	1	1	14	17			False	1с цена
стоимость 1с erp	1	1	14	4			False	1с стоимость
1с ключевые операции	1	1	14	9			False	1с под ключ
1с для ип на усн	1	1	14	10			False	1с для
поддержка сайта работа	1	1	14	7		вакансии/работа	False	поддержка сайта
разработчик сайтов на английском	1	1	14	14			False	разработчик сайтов
сайт минздрав кр	1	1	14	12	кр		False	сайт
бишкектеплоэнерго сайт	1	1	14	11	бишкек		False	сайт бишкек
сайт крыша кз	1	1	14	6	кз/kz		False	сайт кр
сайт ощадбанку	1	1	14	7			False	сайт ош
цена сайт одежды	1	1	14	7			False	сайт цена
зробити сайт недорого	1	1	14	8			False	сайт недорого
рекламное агентство владикавказ	1	1	14	14			False	digital агентство
рекламное агентство крип евпатория	1	1	14	14			False	digital агентство кр
скачать приложение tiktok	1	1	14	6		шаблоны/скачать	False	заказать приложение
скачать приложение народный бишкек	1	1	14	8	бишкек	шаблоны/скачать	False	заказать приложение бишкек
b2b portal psa	1	1	14	4			False	b2b портал
сайт процветок каталог	1	1	14	10			False	сайт каталог
сайт крауф каталог	1	1	14	3			False	сайт каталог кр
личный кабинет салык	1	1	14	6			False	личный кабинет
скайнет личный кабинет бишкек	1	1	14	8	бишкек		False	личный кабинет бишкек
эссенс личный кабинет кыргызстан	1	1	14	7	кыргызстан		False	личный кабинет кыргызстан
личный кабинет кредит 365	1	1	14	8			False	личный кабинет кр
личный кабинет ип техническая ошибка	1	1	14	19			False	личный кабинет ош
личный кабинет для юридических лиц энергосбыт	1	1	14	27			False	личный кабинет для
создание сайтов астрахань	1	1	14	8			False	создание сайтов а
создание сайтов (бесплатный курс	1	1	14	15		обучение/курсы,DIY/бесплатно	False	создание сайтов б
создание сайтов в краснодаре	1	1	14	11			False	создание сайтов в
создание сайтов компания	1	1	14	7			False	создание сайтов к
молния создание сайтов	1	1	14	5			False	создание сайтов м
создание сайтов новороссийск	1	1	14	11			False	создание сайтов н
создание одностраничных сайтов	1	1	14	13			False	создание сайтов о
создание сайтов тинькофф	1	1	14	7			False	создание сайтов т
разработка сайтов в беларуси	1	1	14	9			False	разработка сайтов в
разработка сайтов как называется	1	1	14	13			False	разработка сайтов к
разработка сайтов новокузнецк	1	1	14	10			False	разработка сайтов н
разработка веб сайтов оквэд	1	1	14	8			False	разработка сайтов о
разработка фрагментов тематических сайтов	1	1	14	22			False	разработка сайтов т
заказать сайт в казахстане	1	1	14	11	казахстан		False	заказать сайт в
заказать с китая сайт	1	1	14	6			False	заказать сайт к
заказать сайт на webflow	1	1	14	9			False	заказать сайт н
заказать сайт в польше	1	1	14	7			False	заказать сайт п
сайт ржд заказать еду	1	1	14	6			False	заказать сайт р
мгюа сайт заказать справку	1	1	14	11			False	заказать сайт с
ростикс заказать через сайт	1	1	14	12			False	заказать сайт ч
как сделать сайт адаптивным css	1	1	14	17		DIY/бесплатно	False	сделать сайт а
сделать био сайт	1	1	14	2			False	сделать сайт б
как сделать сайт в блокноте	1	1	14	13			False	сделать сайт в
сделать сайт в грузии	1	1	14	7			False	сделать сайт г
как сделать сайт интернет магазина самому	1	1	14	27		DIY/бесплатно	False	сделать сайт и
как сделать красивый сайт	1	1	14	11			False	сделать сайт к
как сделать сайт в локальной сети	1	1	14	19			False	сделать сайт л
как сделать сайт меньше	1	1	14	9			False	сделать сайт м
сделать сайт недорого	1	1	14	7			False	сделать сайт н
сделать сайт профи ру	1	1	14	7			False	сделать сайт р
сделать фейк сайт	1	1	14	3			False	сделать сайт ф
как сделать сайт для цветочного магазина	1	1	14	26			False	сделать сайт ц
сделать сайт через клод	1	1	14	9			False	сделать сайт ч
сайт визитка кофейни	1	1	14	6			False	сайт визитка к
сайт визитка пинтерест	1	1	14	8			False	сайт визитка п
сайт визитка структура	1	1	14	8			False	сайт визитка с
ютуб студия веб версия	1	1	14	10			False	веб студия в
веб студия клепикова	1	1	14	8			False	веб студия к
веб студия сочи	1	1	14	3			False	веб студия с
сколько стоит сделать сайт как авито	1	1	14	16			False	сколько стоит сайт а
сколько стоит сайт в молдове	1	1	14	8			False	сколько стоит сайт в
сколько стоит задеплоить сайт	1	1	14	9			False	сколько стоит сайт з
сколько стоит обновить сайт	1	1	14	7			False	сколько стоит сайт о
сколько стоит свой сайт	1	1	14	3			False	сколько стоит сайт с
сколько стоит сайт цена	1	1	14	3			False	сколько стоит сайт у
сколько стоит сделать сайт с 0	1	1	14	10			False	сколько стоит сайт ч
сайт для аукциона	1	1	14	7			False	сайт для а
сайт для битов	1	1	14	4			False	сайт для б
сайт для ввода промокодов геншин	1	1	14	22			False	сайт для в
сайт для голосования	1	1	14	10			False	сайт для г
сайт для доната в пабг	1	1	14	12			False	сайт для д
сайт ену	1	1	14	0			False	сайт для е
сайт для исполнения желаний	1	1	14	17			False	сайт для ж
сайт для заметок	1	1	14	6			False	сайт для з
сайт для изменения голоса	1	1	14	15			False	сайт для и
сайт для калибровки dualsense	1	1	14	19			False	сайт для к
сайт для личного бренда	1	1	14	13			False	сайт для л
сайт для мап артов майнкрафт	1	1	14	18			False	сайт для м
сайт для написания музыки	1	1	14	15			False	сайт для н
сайт для обмена скинов кс 2	1	1	14	17			False	сайт для о
сайт для печатания	1	1	14	8			False	сайт для п
сайт для редактирования фото	1	1	14	18			False	сайт для р
сайт для создания скинов майнкрафт	1	1	14	24			False	сайт для с
сайт для трейдов блокс фрутс	1	1	14	18			False	сайт для т
сайт для учителей казахстана	1	1	14	18	казахстан		False	сайт для у
сайт для фоторобота	1	1	14	9			False	сайт для ф
сайт центра занятости	1	1	14	11			False	сайт для ц
сайт для чистки динамика	1	1	14	14			False	сайт для ч
сайт для школьников с заданиями	1	1	14	21			False	сайт для ш
сайт эпл для проверки	1	1	14	11			False	сайт для э
сайт ютуб ком	1	1	14	3			False	сайт для ю
сайт яндекс такси	1	1	14	7			False	сайт для я
автоматическое создание сайта	1	1	14	13			False	создание сайта а
создание сайта барнаул	1	1	14	6			False	создание сайта б
создание сайта вордпресс	1	1	14	8			False	создание сайта в
гамма создание сайта	1	1	14	4			False	создание сайта г
создание сайта кворк	1	1	14	4			False	создание сайта к
создание сайта по фото	1	1	14	6			False	создание сайта п
создание сайта дипломная работа	1	1	14	15		вакансии/работа	False	создание сайта р
создание сайта с помощью chatgpt	1	1	14	16		DIY/бесплатно	False	создание сайта с
создание сайта транспортной компании	1	1	14	20			False	создание сайта т
создание сайта через яндекс	1	1	14	11			False	создание сайта ч
сайт казахстан темир жолы вакансии	1	1	14	19	казахстан	вакансии/работа	False	сайт кыргызстан
сайт кгма для ординаторов	1	1	14	18			False	сайт кг
сайт кгма расписание	1	1	14	13			False	сайт кг
сайт кгд kgd gov kz	1	1	14	11	кз/kz		False	сайт .kg
сайт дарек kg	1	1	14	5	кг/kg		False	сайт .kg
зарегистрировать домен kg	1	1	14	17	кг/kg		False	домен kg
создание лендинга купить	1	1	14	7			False	создание лендинга
создание landing page с нуля	1	1	14	11		обучение/курсы	False	создание лендинга
сайт клиники федорова	1	1	14	5			False	сайт для клиники
лендинг на тильде	1	1	14	10			True	лендинг
crm для ювелирного магазина	1	1	14	11			False	crm для магазина
разработка чат бота телеграм цена	1	1	14	9			False	разработка телеграм бота
создание телеграм бота python с нуля	1	1	14	14		обучение/курсы,DIY/бесплатно	False	создание телеграм бота
лучшие it компании россии для работы 2025	1	1	14	23			False	лучшие it компании
оптовый интернет магазин китай	1	1	14	6			False	оптовый интернет магазин
b2b platform	1	1	14	0			False	b2b платформа
сколько стоит в бишкеке аэрогриль	1	1	14	5	бишкек		False	сколько стоит сайт в бишкеке
сколько стоит открыть интернет магазин в беларуси	1	1	14	19			False	сколько стоит интернет магазин
сколько стоит сделать лендинг на тильде	1	1	14	18			False	сколько стоит лендинг
сколько стоит разработка лендинга	1	1	14	9			False	сколько стоит разработка
интеграция с 1с зуп	1	1	14	4			False	интеграция с 1с
оплата на сайте etihad	1	1	14	7			False	оплата на сайте
react native разработчик вакансии	1	1	14	16		вакансии/работа	False	react разработчик
seo audit free	1	1	14	5			False	seo аудит
техподдержка сайта минтруда	1	1	14	9			False	техподдержка сайта
перенос сайта с фигмы на тильду	1	1	14	18			False	перенос сайта
хостинг для сайта в европе	1	1	14	9			False	хостинг для сайта
разработка 1с на заказ	1	1	14	0			False	разработка по на заказ
stationeers автоматизация склада	1	1	14	12			False	автоматизация склада
erp система бесплатно	1	1	14	10		DIY/бесплатно	False	erp система
сайт для покупки недвижимости уругвай	1	1	14	16			False	сайт для недвижимости
сайт застройщика страна девелопмент	1	1	14	15			False	сайт для застройщика
сайт туроператора альф	1	1	14	1			False	сайт для туроператора
сайт доставки грузов	1	1	14	3			False	сайт для доставки
приложение для доставки яндекс	1	1	14	7			False	приложение для доставки
сайт фермы кларксона	1	1	14	7			False	сайт для ферм
мобильное приложение для бизнеса	1	1	14	10			False	приложение для бизнеса
алыча варенье	1	1	14	9			False	алча
alchemer	1	1	14	3			False	alcha
разработка баннера для сайта	1	1	15	8			False	разработка сайта для
сайт под ключ с продвижением	1	1	15	15			True	сайт под ключ
сайт визитка для человека	1	1	15	9			False	сайт визитка для
краун лендинг	1	1	15	3			False	лендинг кр
лендинг на вордпресс цена	1	1	15	13			False	лендинг цена
лендинг для стоматологии	1	1	15	13			False	лендинг для
интернет магазин обуви бишкек	1	1	15	6	бишкек		False	интернет магазин бишкек
интернет магазин красная пресня	1	1	15	12			False	интернет магазин кр
интернет магазин пряжи по низким ценам	1	1	15	17			False	интернет магазин цена
ткани интернет магазин недорого в розницу	1	1	15	16			False	интернет магазин недорого
интернет магазин для художников	1	1	15	11			False	интернет магазин для
веб разработчик фриланс	1	1	15	8			True	веб разработчик
программист кременчуг	1	1	15	7			False	программист кр
программист фото для презентации	1	1	15	17			False	программист для
веб приложение skype для бизнеса	1	1	15	14			False	веб приложение для
мобильное приложение дос кредобанк	1	1	15	11			False	мобильное приложение кр
мобильное приложение для ип	1	1	15	3			False	мобильное приложение для
разработка приложений для mac os	1	1	15	7			False	разработка приложений для
телеграм бот кружок	1	1	15	4			False	телеграм бот кр
телеграм бот для знакомств	1	1	15	10			False	телеграм бот для
чат бот аэрофлот	1	1	15	9			True	чат бот
чат бот кракен	1	1	15	4			False	чат бот кр
чат бот для генерации изображений	1	1	15	22			False	чат бот для
дизайн сайта из 90	1	1	15	6			True	дизайн сайта
дизайн сайта обновлен для дальнейшей работы	1	1	15	27			False	дизайн сайта для
сколько стоит сайдинг	1	1	15	3			True	сколько стоит сайт
сколько стоит создать сайт для продажи товара	1	1	15	23			False	сколько стоит сайт для
узнать стоимость сайта	1	1	15	7			True	стоимость сайта
сайт на тильде или вордпресс	1	1	15	14			True	сайт на тильде
как создать сайт на tilda с нуля	1	1	15	19		обучение/курсы	True	сайт на tilda
ускорить сайт на wordpress	1	1	15	9			True	сайт на wordpress
сайт мтс для бизнеса	1	1	15	4			True	сайт для бизнеса
сайт компании сдэк	1	1	15	1			True	сайт для компании
как создать сайт в гугле бесплатно	1	1	15	18		DIY/бесплатно	True	как создать сайт
как создать сайт для сервера майнкрафт	1	1	15	18			False	как создать сайт для
как сделать сайт самому с нуля бесплатно	1	1	15	24		обучение/курсы,DIY/бесплатно	False	как сделать сайт
как сделать красивую ссылку на сайт	1	1	15	16			False	как сделать сайт кр
web studio download	1	1	15	9			False	веб студии
создать сайт с помощью нейросети бесплатно онлайн	1	1	15	37		DIY/бесплатно	False	создать сайт
создать сайт для скачивания файлов	1	1	15	18			False	создать сайт для
разработка полного цикла	1	1	15	11			False	разработка по
методическая разработка по пдд для дошкольников	1	1	15	30			False	разработка по для
разработка программного обеспечения колледж	1	1	15	24		обучение/курсы	False	разработка программ
amocrm uzbekistan	1	1	15	11			False	amocrm
amocrm для цветочного магазина	1	1	15	20			False	amocrm для
битрикс24 вход через браузер	1	1	15	19		вход/логин	False	битрикс24
битрикс24 для телефона	1	1	15	9			False	битрикс24 для
1с портал	1	1	15	7			False	1с
1с франчайзи бишкек	1	1	15	10	бишкек		False	1с бишкек
1с казахстан итс	1	1	15	3	казахстан		False	1с кыргызстан
1с криптография	1	1	15	10			False	1с кр
1с ошибка применения расширения конфигурации	1	1	15	39			False	1с ош
цена 1с унф	1	1	15	4			False	1с цена
стоимость 1с эдо	1	1	15	4			False	1с стоимость
1с ключ очистки кэша	1	1	15	9			False	1с под ключ
1с для телефона	1	1	15	9			False	1с для
поддержка сайта на тильде	1	1	15	10			False	поддержка сайта
разработчик сайтов на wordpress	1	1	15	13			False	разработчик сайтов
сайт верховного суда кр	1	1	15	19	кр		False	сайт
сайт краснодарского краевого суда	1	1	15	26			False	сайт кр
сайт ошмянской районной библиотеки	1	1	15	27			False	сайт ош
цена сайт визитка	1	1	15	8			False	сайт цена
сайт оценивающий стоимость аккаунта стим	1	1	15	26			False	сайт стоимость
digital агентство краснодар	1	1	15	7			False	digital агентство кр
приложение заказать из китая	1	1	15	9			False	заказать приложение
скачать приложение азия магазин бишкек	1	1	15	12	бишкек	шаблоны/скачать	False	заказать приложение бишкек
b2b portal for travel agents	1	1	15	18			False	b2b портал
re сайт каталог	1	1	15	3			False	сайт каталог
сибирское здоровье личный кабинет бишкек	1	1	15	19	бишкек		False	личный кабинет бишкек
атоми личный кабинет кыргызстан	1	1	15	6	кыргызстан		False	личный кабинет кыргызстан
личный кабинет крым вода	1	1	15	7			False	личный кабинет кр
эрсаг личный кабинет рядом ош	1	1	15	12	ош		False	личный кабинет ош
личный кабинет для учеников репетитора	1	1	15	20			False	личный кабинет для
создание сайтов быстро	1	1	15	5			False	создание сайтов б
создание сайтов в гомеле	1	1	15	7			False	создание сайтов в
создание сайтов как называется профессия	1	1	15	23		обучение/курсы	False	создание сайтов к
мегагрупп создание сайтов отзывы	1	1	15	15			False	создание сайтов м
создание сайтов на таплинк	1	1	15	9			False	создание сайтов н
создание веб сайтов обучение	1	1	15	11		обучение/курсы	False	создание сайтов о
разработка сайтов в астане цены	1	1	15	12	астана		False	разработка сайтов а
белта разработка сайтов	1	1	15	4			False	разработка сайтов б
разработка сайтов в казахстане	1	1	15	11	казахстан		False	разработка сайтов в
разработка сайтов какой оквэд	1	1	15	10			False	разработка сайтов к
разработка сайтов новороссийск	1	1	15	11			False	разработка сайтов н
разработка сайтов самостоятельно	1	1	15	13		DIY/бесплатно	False	разработка сайтов с
разработка фрагментов тематических сайтов 11 класс	1	1	15	31			False	разработка сайтов т
заказать сайт в кишиневе	1	1	15	9			False	заказать сайт в
сбербанк сайт заказать карту	1	1	15	13			False	заказать сайт к
аптеки сайт заказать москва столички	1	1	15	21	москва		False	заказать сайт м
заказать сайт на html	1	1	15	6		DIY/бесплатно	False	заказать сайт н
сайт пфр заказать справку	1	1	15	10			False	заказать сайт п
сайт росреестра заказать выписку	1	1	15	17			False	заказать сайт р
сайт садовод заказать	1	1	15	6			False	заказать сайт с
как заказать через сайт манго	1	1	15	14			False	заказать сайт ч
как сделать сайт адаптивным для разных разрешений	1	1	15	35			False	сделать сайт а
сделать бесплатный сайт приглашение на свадьбу	1	1	15	32		DIY/бесплатно	False	сделать сайт б
как сделать сайт в тг	1	1	15	7			False	сделать сайт в
как сделать сайт гайд	1	1	15	7			False	сделать сайт г
как сделать сайт из макета фигма	1	1	15	18			False	сделать сайт и
как сделать сайт на локальном сервере	1	1	15	23			False	сделать сайт л
как сделать сайт мобильной версии	1	1	15	19			False	сделать сайт м
сделать сайт на конструкторе	1	1	15	14		DIY/бесплатно	False	сделать сайт н
как сделать сайт опросник	1	1	15	11			False	сделать сайт о
сделать сайт переходник	1	1	15	9			False	сделать сайт п
сделать сайт в рассрочку	1	1	15	10			False	сделать сайт р
сделать сайт с фото	1	1	15	5			False	сделать сайт с
как сделать сайт по центру	1	1	15	12			False	сделать сайт ц
сделать человечка сайт	1	1	15	8			False	сделать сайт ч
сайт визитка как пишется	1	1	15	10			False	сайт визитка к
сайт визитка на php	1	1	15	5			False	сайт визитка н
сайт визитка писателя	1	1	15	7			False	сайт визитка п
первая веб дизайн студия	1	1	15	12			False	веб студия д
студія веб місто	1	1	15	4			False	веб студия м
веб студия силуэт	1	1	15	5			False	веб студия с
сколько стоит аренда сервера для сайта	1	1	15	18			False	сколько стоит сайт а
сколько стоит веб сайт	1	1	15	2			False	сколько стоит сайт в
сколько стоит сайт на конструкторе	1	1	15	14		DIY/бесплатно	False	сколько стоит сайт к
сколько стоит оплачивать сайт	1	1	15	9			False	сколько стоит сайт о
сколько стоит содержать сайт в месяц	1	1	15	16			False	сколько стоит сайт с
сколько стоит создать сайт в среднем	1	1	15	16			False	сколько стоит сайт ч
сайт для автосортировки раст	1	1	15	18			False	сайт для а
сайт для бравл старс	1	1	15	10			False	сайт для б
сайт для водяных знаков	1	1	15	13			False	сайт для в
сайт для генерации презентаций	1	1	15	20			False	сайт для г
сайт для доната в блек рашу	1	1	15	17			False	сайт для д
сайт еирц спб	1	1	15	3	спб		False	сайт для е
сайт для заработка	1	1	15	8			False	сайт для з
сайт для исправления ошибок в тексте	1	1	15	26			False	сайт для и
сайт для команд майнкрафт	1	1	15	15			False	сайт для к
сайт для медиков	1	1	15	6			False	сайт для м
сайт для накрутки подписчиков	1	1	15	19			False	сайт для н
сайт для общения	1	1	15	6			False	сайт для о
сайт для поиска работы	1	1	15	12			False	сайт для п
сайт для рисования скинов майнкрафт	1	1	15	25			False	сайт для р
сайт для сборки пк	1	1	15	8			False	сайт для с
сайт для тренировки инвокера	1	1	15	18			False	сайт для т
сайт для уменьшения размера файла	1	1	15	23			False	сайт для у
сайт для фэнтези дота 2 2026	1	1	15	18			False	сайт для ф
сайт циан	1	1	15	0			False	сайт для ц
сайт для чар майнкрафт	1	1	15	12			False	сайт для ч
сайт для штрафов	1	1	15	6			False	сайт для ш
сайт эпл для проверки серийного номера	1	1	15	28			False	сайт для э
сайт юмани	1	1	15	0			False	сайт для ю
сайт якутия	1	1	15	1			False	сайт для я
создание сайта бесплатно тильда	1	1	15	15		DIY/бесплатно	False	создание сайта б
создание сайта в visual studio code	1	1	15	19			False	создание сайта в
создание сайта и приложения	1	1	15	11			False	создание сайта и
создание сайта киров	1	1	15	4			False	создание сайта к
создание сайта онлайн магазина	1	1	15	14			False	создание сайта о
создание сайта практическая работа	1	1	15	18		вакансии/работа	False	создание сайта р
создание сайта с нуля самостоятельно пошаговая инструкция	1	1	15	41		обучение/курсы,DIY/бесплатно	False	создание сайта с
создание сайта турагентства	1	1	15	11			False	создание сайта т
создание сайта бухгалтерских услуг	1	1	15	18			False	создание сайта у
создание сайта через chatgpt	1	1	15	12		DIY/бесплатно	False	создание сайта ч
сайт бгк бишкек	1	1	15	4	бишкек		False	сайт бишкек
сайт посольства россии в бишкеке	1	1	15	18	бишкек		False	сайт в бишкеке
сайт казахстан инжиниринг	1	1	15	10	казахстан		False	сайт кыргызстан
сайт gadget kg	1	1	15	6	кг/kg		False	сайт .kg
домен gov kg	1	1	15	4	кг/kg		False	домен kg
создание лендинга ai	1	1	15	3			False	создание лендинга
сайт ресторана магадан	1	1	15	4			False	сайт для ресторана
сайт клиники блохина	1	1	15	4			False	сайт для клиники
сайт школы 94	1	1	15	0			False	сайт для школы
сайт отеля сочи парк	1	1	15	6			False	сайт для отеля
сайт магазина ева	1	1	15	0			False	сайт для магазина
лендинг цена	1	1	15	5			True	лендинг
landing page mockup	1	1	15	7			False	landing page
веб разработчик вакансии без опыта удаленно	1	1	15	28		вакансии/работа	False	веб разработчик
программист 1с бишкек	1	1	15	10	бишкек		False	программист
телеграм бот штрафы узбекистан	1	1	15	18	ташкент/узб		False	телеграм бот
как создать сайт через ии	1	1	15	9		DIY/бесплатно	False	как создать сайт
crm для инстаграм магазина	1	1	15	10			False	crm для магазина
создание телеграм бота для записи клиентов	1	1	15	20			False	создание телеграм бота
лучшие it компании россии 2024	1	1	15	12			False	лучшие it компании
оптовый интернет магазин продуктов	1	1	15	10			False	оптовый интернет магазин
b2b platform india	1	1	15	5			False	b2b платформа
сколько стоит в бишкеке iphone	1	1	15	2	бишкек		False	сколько стоит сайт в бишкеке
сколько стоит открыть интернет магазин на авито	1	1	15	17			False	сколько стоит интернет магазин
сколько стоит одностраничный лендинг	1	1	15	15			False	сколько стоит лендинг
сколько стоит разработка шрифта	1	1	15	7			False	сколько стоит разработка
интеграция с 1с через внешнюю обработку сбис	1	1	15	29			False	интеграция с 1с
оплата на сайте белавиа	1	1	15	8			False	оплата на сайте
frontend react разработчик вакансии	1	1	15	18		вакансии/работа	False	react разработчик
seo audit tool free	1	1	15	10			False	seo аудит
техподдержка сайта мос ру	1	1	15	7			False	техподдержка сайта
перенос сайта на битрикс	1	1	15	11			False	перенос сайта
хостинг для сайта рб	1	1	15	3			False	хостинг для сайта
разработка лекал на заказ	1	1	15	3			False	разработка по на заказ
автоматизация работы склада	1	1	15	7			False	автоматизация склада
erp система как выглядит	1	1	15	13			False	erp система
сайт для покупки недвижимости в турции	1	1	15	17			False	сайт для недвижимости
сайт застройщика абсолют	1	1	15	4			False	сайт для застройщика
сайт туроператора корал	1	1	15	2			False	сайт для туроператора
сайт доставки из америки	1	1	15	7			False	сайт для доставки
приложение для доставки товаров	1	1	15	8			False	приложение для доставки
сайт ферменкол	1	1	15	1			False	сайт для ферм
приорбанк приложение для бизнеса	1	1	15	10			False	приложение для бизнеса
алча жилой комплекс бишкек	1	1	15	22	бишкек		False	алча
alcampo	1	1	15	2			False	alcha
сайт в бишкеке	1	0	1	0	бишкек		False	сайт в бишкеке
сайт кыргызстан	1	0	1	0	кыргызстан		False	сайт кыргызстан
сайт кг	1	0	1	0	кг/kg		False	сайт кг
хостинг бишкек	1	0	1	0	бишкек		False	хостинг бишкек
рейтинг веб студий	1	0	1	0			False	рейтинг веб студий
продвижение сайтов бишкек	1	0	1	0	бишкек		False	продвижение сайтов бишкек
сайт для ресторана	1	0	1	0			False	сайт для ресторана
сайт для отеля	1	0	1	0			False	сайт для отеля
сайт для автосалона	1	0	1	0			False	сайт для автосалона
сайт для магазина	1	0	1	0			False	сайт для магазина
сайт для компании	1	0	1	0			False	сайт для компании
топ веб студий	1	0	2	0			False	топ веб студий
фрилансер сайт	1	0	2	0			False	фрилансер сайт
разработка crm	1	0	2	0			False	разработка crm
кто делает сайты	1	0	2	0			False	кто делает сайты
бишкек сайт	1	0	3	0	бишкек		False	бишкек сайт
домен kg	1	0	3	0	кг/kg		False	домен kg
лучшие веб студии	1	0	3	0			False	лучшие веб студии
цена сайта	1	0	3	0			False	цена сайта
